CREATE DATABASE  IF NOT EXISTS `esa` /*!40100 DEFAULT CHARACTER SET utf8 COLLATE utf8_bin */;
USE `esa`;
-- MySQL dump 10.13  Distrib 5.6.19, for osx10.7 (i386)
--
-- Host: localhost    Database: esa
-- ------------------------------------------------------
-- Server version	5.6.21

/*!40101 SET @OLD_CHARACTER_SET_CLIENT=@@CHARACTER_SET_CLIENT */;
/*!40101 SET @OLD_CHARACTER_SET_RESULTS=@@CHARACTER_SET_RESULTS */;
/*!40101 SET @OLD_COLLATION_CONNECTION=@@COLLATION_CONNECTION */;
/*!40101 SET NAMES utf8 */;
/*!40103 SET @OLD_TIME_ZONE=@@TIME_ZONE */;
/*!40103 SET TIME_ZONE='+00:00' */;
/*!40014 SET @OLD_UNIQUE_CHECKS=@@UNIQUE_CHECKS, UNIQUE_CHECKS=0 */;
/*!40014 SET @OLD_FOREIGN_KEY_CHECKS=@@FOREIGN_KEY_CHECKS, FOREIGN_KEY_CHECKS=0 */;
/*!40101 SET @OLD_SQL_MODE=@@SQL_MODE, SQL_MODE='NO_AUTO_VALUE_ON_ZERO' */;
/*!40111 SET @OLD_SQL_NOTES=@@SQL_NOTES, SQL_NOTES=0 */;

--
-- Table structure for table `basedata`
--

DROP TABLE IF EXISTS `basedata`;
/*!40101 SET @saved_cs_client     = @@character_set_client */;
/*!40101 SET character_set_client = utf8 */;
CREATE TABLE `basedata` (
  `id` int(11) NOT NULL AUTO_INCREMENT,
  `name` varchar(45) DEFAULT NULL,
  `value` varchar(45) DEFAULT NULL,
  `type` varchar(45) DEFAULT NULL,
  PRIMARY KEY (`id`)
) ENGINE=InnoDB AUTO_INCREMENT=14 DEFAULT CHARSET=utf8 ROW_FORMAT=COMPACT COMMENT='数据字典表';
/*!40101 SET character_set_client = @saved_cs_client */;

--
-- Dumping data for table `basedata`
--

LOCK TABLES `basedata` WRITE;
/*!40000 ALTER TABLE `basedata` DISABLE KEYS */;
/*!40000 ALTER TABLE `basedata` ENABLE KEYS */;
UNLOCK TABLES;

--
-- Table structure for table `function`
--

DROP TABLE IF EXISTS `function`;
/*!40101 SET @saved_cs_client     = @@character_set_client */;
/*!40101 SET character_set_client = utf8 */;
CREATE TABLE `function` (
  `id` bigint(20) NOT NULL AUTO_INCREMENT COMMENT '自增长主键',
  `name` varchar(100) NOT NULL COMMENT '功能名称(链接、按钮等)',
  `code` varchar(200) NOT NULL COMMENT '功能代码标识',
  `create_date` datetime NOT NULL COMMENT '创建时间',
  `update_date` datetime DEFAULT NULL COMMENT '更新时间',
  `status` int(11) NOT NULL DEFAULT '1' COMMENT '是否删除;\n\n0:删除,\n1:正常',
  `description` varchar(300) DEFAULT NULL COMMENT '备注',
  `p_menu_id` bigint(20) DEFAULT NULL COMMENT '菜单表id',
  PRIMARY KEY (`id`,`name`)
) ENGINE=InnoDB AUTO_INCREMENT=137 DEFAULT CHARSET=utf8 ROW_FORMAT=COMPACT COMMENT='菜单：功能按钮表';
/*!40101 SET character_set_client = @saved_cs_client */;

--
-- Dumping data for table `function`
--

LOCK TABLES `function` WRITE;
/*!40000 ALTER TABLE `function` DISABLE KEYS */;
INSERT INTO `function` VALUES (41,'新建网站','wzgl-add','2014-08-08 13:32:58','2014-12-29 12:48:48',1,'123',207),(43,'修改网站','wzgl-edit','2014-08-08 13:45:47','2015-01-07 18:51:42',1,'删除',207),(44,'新建广告位','ggwgl-add','2014-08-08 13:53:42','2015-01-05 16:39:25',1,'广告位的添加',210),(50,'新建菜单','cdgl-add','2014-08-08 17:59:28','2014-08-09 01:23:55',1,'新建菜单',223),(51,'修改菜单','cdgl-edit','2014-08-08 17:59:45',NULL,1,'修改菜单',223),(52,'删除菜单','cdgl-del','2014-08-08 18:00:23','2014-12-30 11:54:49',1,'删除菜单',223),(53,'设置菜单权限','cdgl-function','2014-08-08 18:00:57',NULL,1,'设置菜单权限',223),(54,'新建用户','newUser','2014-08-08 18:01:38',NULL,1,'新建用户',222),(55,'修改用户','editUser','2014-08-08 18:06:54',NULL,1,'修改用户',222),(57,'删除网站','wzgl-delete','2014-08-11 12:50:21','2014-12-29 12:49:08',1,'删除网站',207),(58,'修改广告位','ggwgl-edit','2014-08-11 12:58:08','2014-12-29 12:50:06',1,'修改广告位',210),(59,'删除广告位','ggwgl-delete','2014-08-11 12:58:22','2014-12-29 12:50:13',1,'删除广告位',210),(63,'新建流量分配','llfpgl-add','2014-08-11 13:51:16','2014-12-29 19:02:12',1,'新建流量分配',220),(64,'修改流量分配','llfpgl-edit','2014-08-11 13:54:29','2014-12-29 19:02:16',1,'修改流量分配',220),(65,'删除流量分配','llfpgl-del','2014-08-11 13:54:47','2014-12-29 19:02:23',1,'删除流量分配',220),(66,'新建流量控制','flowcontrol-add','2014-08-11 13:59:47','2014-12-30 10:43:41',1,'新建流量控制',215),(67,'修改流量控制','flowcontrol-edit','2014-08-11 13:59:59','2014-12-30 10:45:29',1,'修改流量控制',215),(68,'删除流量控制','flowcontrol-remove','2014-08-11 14:00:11','2014-12-30 10:45:37',1,'删除流量控制',215),(69,'删除用户','remove','2014-08-11 14:05:25',NULL,1,'删除用户',222),(70,'配置角色','setRole','2014-08-11 14:05:39',NULL,1,'配置角色',222),(71,'新建角色','jsgl-add','2014-08-11 14:23:37',NULL,1,'新建角色',224),(72,'修改角色','jsgl-edit','2014-08-11 14:23:48',NULL,1,'修改角色',224),(73,'删除角色','jsgl-del','2014-08-11 14:24:17',NULL,1,'删除角色',224),(74,'配置菜单及权限','jsgl-menu-fun','2014-08-11 14:24:32',NULL,1,'配置菜单及权限',224),(75,'执行任务','rwgl','2014-09-04 09:14:51','2015-01-07 18:51:05',1,'执行任务',231),(80,'新建','mtgl-add','2014-12-19 12:58:18','2014-12-29 12:54:24',1,'',250),(81,'修改','mtgl-edit','2014-12-19 12:58:38','2015-01-07 19:32:37',1,'11',250),(82,'删除','mtgl-del','2014-12-19 14:08:10','2014-12-29 12:54:37',1,'',250),(83,'新增普通默认物料','addGeneralMateriel','2014-12-22 12:04:47','2014-12-30 10:42:08',1,'新增普通物料',243),(84,'修改物料','editMateriel','2014-12-22 12:05:21','2014-12-30 10:42:40',1,'修改物料',243),(85,'删除物料','delMateriel','2014-12-22 12:05:45','2014-12-30 10:42:57',1,'删除物料',243),(87,'新建Deal','NewDeal','2014-12-22 15:56:40',NULL,1,'新建Deal',240),(88,'修改Deal','EditDeal','2014-12-22 18:03:11','2014-12-22 18:05:22',1,'修改Deal',240),(89,'删除Deal','DelDeal','2014-12-22 18:03:25',NULL,1,'删除Deal',240),(90,'设置黑名单','ggwgl-black','2014-12-23 16:14:34','2014-12-29 12:50:45',1,'设置黑名单',210),(94,'广告位审批','ggwsp-state','2014-12-23 18:25:19','2014-12-29 12:56:33',1,'广告位审批',226),(96,'审核拒绝','ggzhydj-checkRefuse','2014-12-23 19:04:50','2014-12-30 12:23:50',1,'',252),(97,'DSP启用状态','dsp-dspStart','2014-12-23 19:08:28','2014-12-29 12:57:00',1,'',248),(98,'物料启用状态','dsp-isMaterielStart','2014-12-23 19:08:44','2015-01-12 11:17:14',1,'',248),(99,'是否参入Cookie','dsp-isCookieMapping','2014-12-23 19:09:03','2014-12-29 12:57:09',1,'',248),(100,'是否竞价','dsp-isRTB','2014-12-23 19:09:19','2014-12-29 12:57:13',1,'',248),(101,'WinNotice是否加密','dsp-isPass','2014-12-23 19:09:35','2014-12-29 12:57:17',1,'',248),(102,'是否免审核','dsp-isCheckMateriel','2014-12-23 19:09:50','2014-12-29 12:57:20',1,'',248),(103,'审核通过','AuditingOK','2014-12-24 11:43:13',NULL,1,'审核通过',240),(104,'拒绝','AuditingNO','2014-12-24 11:43:27',NULL,1,'拒绝',240),(105,'新增自定义默认物料','addDefinitionMateriel','2014-12-24 17:42:06','2014-12-30 10:42:23',1,'新增自定义默认物料',243),(106,'关联行业','ggzgl-add','2014-12-24 17:58:34','2014-12-30 10:46:57',1,'添加',245),(107,'关联广告位','addAdPostToMateriel','2014-12-25 10:36:51','2014-12-30 10:43:06',1,'关联广告位',243),(108,'取消关联','delAdPostToMateriel','2014-12-25 11:10:25','2014-12-30 10:43:19',1,'取消关联',243),(109,'查看物料信息','viewMateriel','2014-12-25 14:48:54','2014-12-30 10:43:27',1,'查看物料信息',243),(110,'物料审核通过','passMateriel','2014-12-26 11:40:00','2014-12-30 10:43:44',1,'物料审核通过',244),(111,'物料审核拒绝','refuseMateriel','2014-12-26 11:40:15','2014-12-30 10:43:53',1,'物料审核拒绝',244),(112,'预览物料','viewDspMateriel','2014-12-26 11:40:28','2014-12-30 10:44:01',1,'预览物料',244),(113,'充值管理','recharge','2014-12-26 18:12:43',NULL,1,'',242),(114,'回款管理','received','2014-12-26 18:13:01',NULL,1,'',242),(118,'新增','ggzhydj-add','2014-12-30 10:56:31',NULL,1,'',247),(119,'修改','ggzhydj-edit','2014-12-30 10:56:46',NULL,1,'',247),(120,'删除','ggzhydj-delete','2014-12-30 10:56:59','2015-01-07 19:31:52',1,'',247),(121,'新增','dsp-add','2014-12-30 11:54:09','2014-12-30 12:36:58',1,'',248),(122,'修改','dsp-edit','2014-12-30 11:54:19',NULL,1,'',248),(123,'删除','dsp-delete','2014-12-30 11:54:29',NULL,1,'',248),(124,'审核通过','ggzhydj-checkPass','2014-12-30 12:23:21',NULL,1,'',252),(125,'新增','industry-add','2014-12-30 14:24:25',NULL,1,'',246),(126,'修改','industry-edit','2014-12-30 14:24:38','2015-01-07 19:37:31',1,'',246),(127,'删除','industry-delete','2014-12-30 14:24:58',NULL,1,'',246),(128,'充值','toRecharge','2014-12-31 10:02:12',NULL,1,'',242),(129,'通过','rechargePass','2014-12-31 10:02:26',NULL,1,'',242),(130,'拒绝','rechargeRefuse','2014-12-31 10:02:41',NULL,1,'',242),(131,'新增','addReceived','2014-12-31 10:02:54',NULL,1,'',242),(132,'修改','editReceived','2014-12-31 10:03:04',NULL,1,'',242),(133,'修改','rechargeEdit','2014-12-31 16:16:12',NULL,1,'',242),(134,'删除','rechargeDelete','2015-01-05 13:48:57',NULL,1,'',242),(135,'删除','receivedDelete','2015-01-05 13:49:11',NULL,1,'',242),(136,'查看信息','ggwgl-show','2015-01-05 22:14:29',NULL,1,'ggwgl-show',210);
/*!40000 ALTER TABLE `function` ENABLE KEYS */;
UNLOCK TABLES;

--
-- Table structure for table `log`
--

DROP TABLE IF EXISTS `log`;
/*!40101 SET @saved_cs_client     = @@character_set_client */;
/*!40101 SET character_set_client = utf8 */;
CREATE TABLE `log` (
  `id` int(11) NOT NULL AUTO_INCREMENT COMMENT '日志ID',
  `userId` varchar(45) DEFAULT NULL COMMENT '操作用户Id',
  `userName` varchar(45) DEFAULT NULL COMMENT '操作用户',
  `createTime` datetime DEFAULT NULL COMMENT '操作时间',
  `ip` varchar(45) DEFAULT NULL COMMENT 'IP地址',
  `operationType` varchar(45) DEFAULT NULL COMMENT '操作类型: 删除、修改、新增、审批..有枚举类进行维护',
  `logType` varchar(45) DEFAULT NULL COMMENT '日志类型: 操作日志，权限日志',
  `businessId` int(11) DEFAULT NULL COMMENT '操作数据IDff',
  `businessName` varchar(45) DEFAULT NULL COMMENT '业务名称: 广告位、物料管理、权限管理',
  `description` text COMMENT '详细描述',
  PRIMARY KEY (`id`)
) ENGINE=InnoDB AUTO_INCREMENT=1289 DEFAULT CHARSET=utf8 ROW_FORMAT=COMPACT COMMENT='日志表';
/*!40101 SET character_set_client = @saved_cs_client */;

--
-- Dumping data for table `log`
--

LOCK TABLES `log` WRITE;
/*!40000 ALTER TABLE `log` DISABLE KEYS */;
INSERT INTO `log` VALUES (1,'1717','admin','2014-12-25 17:08:33','127.0.0.1','登入','操作日志',11,'登入模块',NULL),(2,'1717','admin','2014-12-25 17:25:42','127.0.0.1','登入','操作日志',11,'登入模块',NULL),(3,'1717','admin','2014-12-25 18:37:18','127.0.0.1','登入','操作日志',NULL,'登入模块',NULL),(4,'1717','admin','2014-12-25 18:39:24','127.0.0.1','登入','操作日志',NULL,'登入模块',NULL),(5,'1717','admin','2014-12-25 20:07:01','0:0:0:0:0:0:0:1%0','登入','操作日志',NULL,'登入模块',NULL),(6,'1717','admin','2014-12-26 09:56:03','127.0.0.1','登入','操作日志',NULL,'登入模块',NULL),(7,'1717','admin','2014-12-26 09:57:53','127.0.0.1','登入','操作日志',NULL,'登入模块',NULL),(8,'1717','admin','2014-12-26 10:12:26','0:0:0:0:0:0:0:1%0','登入','操作日志',NULL,'登入模块',NULL),(9,'1717','admin','2014-12-26 10:24:30','127.0.0.1','登入','操作日志',NULL,'登入模块',NULL),(10,'1717','admin','2014-12-26 11:02:04','127.0.0.1','登入','操作日志',NULL,'登入模块',NULL),(11,'1717','admin','2014-12-26 11:02:25','0:0:0:0:0:0:0:1%0','登入','操作日志',NULL,'登入模块',NULL),(12,'1717','admin','2014-12-26 11:06:07','127.0.0.1','登入','操作日志',NULL,'登入模块',NULL),(13,'1717','admin','2014-12-26 11:13:57','0:0:0:0:0:0:0:1%0','登入','操作日志',NULL,'登入模块',NULL),(14,'1717','admin','2014-12-26 11:23:54','127.0.0.1','登入','操作日志',NULL,'登入模块',NULL),(15,'1717','admin','2014-12-26 11:28:15','127.0.0.1','登入','操作日志',NULL,'登入模块',NULL),(16,'-1',NULL,NULL,NULL,NULL,NULL,-1,'yhg','updateById[参数1，类型：RoleEty，值：(getId : 30)(getRoleName : SSP前期业务功能)(getDescrible : 游客)]'),(17,'1717','admin','2014-12-26 11:30:36','127.0.0.1','登入','操作日志',NULL,'登入模块',NULL),(18,'1717','admin','2014-12-26 11:33:05','127.0.0.1','登入','操作日志',NULL,'登入模块',NULL),(19,'1717','admin','2014-12-26 11:33:17','127.0.0.1','登入','操作日志',NULL,'登入模块',NULL),(20,'1717','admin','2014-12-26 11:37:11','127.0.0.1','登入','操作日志',NULL,'登入模块',NULL),(21,'1717','admin','2014-12-26 11:37:25','127.0.0.1','登入','操作日志',NULL,'登入模块',NULL),(22,'1717','admin','2014-12-26 11:39:35','127.0.0.1','登入','操作日志',NULL,'登入模块',NULL),(23,'-1',NULL,NULL,NULL,NULL,NULL,-1,'yhg','updateById[参数1，类型：RoleEty，值：(getId : 20)(getRoleName : 系统管理员)(getDescrible : 管理整个系统)]'),(24,'-1',NULL,NULL,NULL,NULL,NULL,-1,'yhg','updateById[参数1，类型：MenuEty，值：(getId : 250)(getType : jsClassFile)(getDescription : )(getMenuOrder : 104)(getMenuName : 媒体管理)(getParantMenuID : 203)(getOpenIcon : channel.png)(getIsValiDate : 0)(getJsClassFile : ssp.media.MediaPanel)(getIcon : channel.png)]'),(25,'1717','admin','2014-12-26 11:41:26','0:0:0:0:0:0:0:1%0','登入','操作日志',NULL,'登入模块',NULL),(26,'-1','name','2014-12-26 11:42:33','ip',NULL,NULL,-1,'yhg','updateById[参数1，类型：MenuEty，值：(getId : 250)(getType : jsClassFile)(getDescription : )(getMenuOrder : 104)(getMenuName : 媒体管理)(getParantMenuID : 203)(getOpenIcon : channel.png)(getIsValiDate : 0)(getJsClassFile : ssp.media.MediaPanel)(getIcon : channel.png)]'),(27,'1717','admin','2014-12-26 11:56:53','127.0.0.1','登入','操作日志',NULL,'登入模块',NULL),(28,'1717','admin','2014-12-26 12:06:29','127.0.0.1','登入','操作日志',NULL,'登入模块',NULL),(29,'1717','admin','2014-12-26 14:14:17','127.0.0.1','登入','操作日志',NULL,'登入模块',NULL),(30,'1717','admin','2014-12-26 14:24:35','0:0:0:0:0:0:0:1%0','登入','操作日志',NULL,'登入模块',NULL),(31,'1717','admin','2014-12-26 14:53:28','0:0:0:0:0:0:0:1%0','登入','操作日志',NULL,'登入模块',NULL),(32,'1717','admin','2014-12-26 14:57:45','0:0:0:0:0:0:0:1%0','登入','操作日志',NULL,'登入模块',NULL),(33,'1717','admin','2014-12-26 15:03:28','127.0.0.1','登入','操作日志',NULL,'登入模块',NULL),(34,'1717','admin','2014-12-26 15:29:45','127.0.0.1','登入','操作日志',NULL,'登入模块',NULL),(35,'1717','admin','2014-12-26 15:35:58','127.0.0.1','登入','操作日志',NULL,'登入模块',NULL),(36,'1717','admin','2014-12-26 15:39:28','127.0.0.1','登入','操作日志',NULL,'登入模块',NULL),(37,'1717','admin','2014-12-26 16:12:15','0:0:0:0:0:0:0:1%0','登入','操作日志',NULL,'登入模块',NULL),(38,'1717','admin','2014-12-26 16:46:55','0:0:0:0:0:0:0:1%0','登入','操作日志',NULL,'登入模块',NULL),(39,'1717','admin','2014-12-26 16:54:08','127.0.0.1','登入','操作日志',NULL,'登入模块',NULL),(40,'1717','admin','2014-12-26 16:56:43','127.0.0.1','登入','操作日志',NULL,'登入模块',NULL),(41,'1717','admin','2014-12-26 17:08:42','127.0.0.1','登入','操作日志',NULL,'登入模块',NULL),(42,'1717','admin','2014-12-26 17:12:29','127.0.0.1','登入','操作日志',NULL,'登入模块',NULL),(43,'1717','admin','2014-12-26 17:15:15','127.0.0.1','登入','操作日志',NULL,'登入模块',NULL),(44,'1717','admin','2014-12-26 17:34:00','0:0:0:0:0:0:0:1%0','登入','操作日志',NULL,'登入模块',NULL),(45,'1717','admin','2014-12-26 17:42:17','0:0:0:0:0:0:0:1%0','登入','操作日志',NULL,'登入模块',NULL),(46,'1717','admin','2014-12-26 18:10:53','127.0.0.1','登入','操作日志',NULL,'登入模块',NULL),(47,'1717','admin','2014-12-26 18:11:21','127.0.0.1','登入','操作日志',NULL,'登入模块',NULL),(48,'1717','admin','2014-12-26 18:13:33','127.0.0.1','登入','操作日志',NULL,'登入模块',NULL),(49,'1717','admin','2014-12-26 18:15:25','127.0.0.1','登入','操作日志',NULL,'登入模块',NULL),(50,'1717','admin','2014-12-27 14:47:29','0:0:0:0:0:0:0:1%0','登入','操作日志',NULL,'登入模块',NULL),(51,'1717','admin','2014-12-27 21:25:06','127.0.0.1','登入','操作日志',NULL,'登入模块',NULL),(52,'1717','admin','2014-12-27 22:03:17','127.0.0.1','登入','操作日志',NULL,'登入模块',NULL),(53,'1717','admin','2014-12-28 00:05:53','127.0.0.1','登入','操作日志',NULL,'登入模块',NULL),(54,'1717','admin','2014-12-28 00:10:03','127.0.0.1','登入','操作日志',NULL,'登入模块',NULL),(55,'1717','admin','2014-12-28 00:17:54','127.0.0.1','登入','操作日志',NULL,'登入模块',NULL),(56,'1717','admin','2014-12-28 00:19:27','127.0.0.1','登入','操作日志',NULL,'登入模块',NULL),(57,'1717','admin','2014-12-28 00:21:48','127.0.0.1','登入','操作日志',NULL,'登入模块',NULL),(58,'1717','admin','2014-12-28 00:25:37','127.0.0.1','登入','操作日志',NULL,'登入模块',NULL),(59,'1717','admin','2014-12-28 00:27:42','127.0.0.1','登入','操作日志',NULL,'登入模块',NULL),(60,'1717','admin','2014-12-28 00:31:32','127.0.0.1','登入','操作日志',NULL,'登入模块',NULL),(61,'1717','admin','2014-12-28 00:35:40','127.0.0.1','登入','操作日志',NULL,'登入模块',NULL),(62,'1717','admin','2014-12-28 00:45:44','127.0.0.1','登入','操作日志',NULL,'登入模块',NULL),(63,'1717','admin','2014-12-28 00:50:40','127.0.0.1','登入','操作日志',NULL,'登入模块',NULL),(64,'1717','admin','2014-12-28 00:52:12','127.0.0.1','登入','操作日志',NULL,'登入模块',NULL),(65,'1717','admin','2014-12-28 00:56:10','127.0.0.1','登入','操作日志',NULL,'登入模块',NULL),(66,'1717','admin','2014-12-28 00:57:36','127.0.0.1','登入','操作日志',NULL,'登入模块',NULL),(67,'1717','admin','2014-12-28 01:00:39','127.0.0.1','登入','操作日志',NULL,'登入模块',NULL),(68,'1717','admin','2014-12-28 01:03:04','127.0.0.1','登入','操作日志',NULL,'登入模块',NULL),(69,'1717','admin','2014-12-28 01:04:09','127.0.0.1','登入','操作日志',NULL,'登入模块',NULL),(70,'1717','admin','2014-12-28 01:05:33','127.0.0.1','登入','操作日志',NULL,'登入模块',NULL),(71,'1717','admin','2014-12-28 01:10:04','127.0.0.1','登入','操作日志',NULL,'登入模块',NULL),(72,'1717','admin','2014-12-28 01:11:28','127.0.0.1','登入','操作日志',NULL,'登入模块',NULL),(73,'1717','admin','2014-12-28 01:22:16','127.0.0.1','登入','操作日志',NULL,'登入模块',NULL),(74,'1717','admin','2014-12-28 01:24:32','127.0.0.1','登入','操作日志',NULL,'登入模块',NULL),(75,'1717','admin','2014-12-28 01:37:31','127.0.0.1','登入','操作日志',NULL,'登入模块',NULL),(76,'1717','admin','2014-12-28 10:02:47','127.0.0.1','登入','操作日志',NULL,'登入模块',NULL),(77,'1717','admin','2014-12-29 09:57:57','127.0.0.1','登入','操作日志',NULL,'登入模块',NULL),(78,'1717','admin','2014-12-29 10:04:41','127.0.0.1','登入','操作日志',NULL,'登入模块',NULL),(79,'1717','admin','2014-12-29 10:23:36','127.0.0.1','登入','操作日志',NULL,'登入模块',NULL),(80,'1717','admin','2014-12-29 10:39:10','127.0.0.1','登入','操作日志',NULL,'登入模块',NULL),(81,'1717','admin','2014-12-29 10:43:31','127.0.0.1','登入','操作日志',NULL,'登入模块',NULL),(82,'1717','admin','2014-12-29 12:35:51','127.0.0.1','登入','操作日志',NULL,'登入模块',NULL),(83,'1717','admin','2014-12-29 12:41:45','0:0:0:0:0:0:0:1%0','登入','操作日志',NULL,'登入模块',NULL),(84,'1717','admin','2014-12-29 13:00:44','127.0.0.1','登入','操作日志',NULL,'登入模块',NULL),(85,'1717','admin','2014-12-29 14:17:51','127.0.0.1','登入','操作日志',NULL,'登入模块',NULL),(86,'1717','admin','2014-12-29 15:13:44','127.0.0.1','登入','操作日志',NULL,'登入模块',NULL),(87,'1717','admin','2014-12-29 15:13:44','127.0.0.1','登入','操作日志',NULL,'登入模块',NULL),(88,'1717','admin','2014-12-29 15:13:44','127.0.0.1','登入','操作日志',NULL,'登入模块',NULL),(89,'1717','admin','2014-12-29 15:17:05','127.0.0.1','登入','操作日志',NULL,'登入模块',NULL),(90,'1717','admin','2014-12-29 15:34:00','127.0.0.1','登入','操作日志',NULL,'登入模块',NULL),(91,'1717','admin','2014-12-29 16:26:27','127.0.0.1','登入','操作日志',NULL,'登入模块',NULL),(92,'1717','admin','2014-12-29 16:28:19','127.0.0.1','修改','操作日志',52,'deal管理模块',NULL),(93,'1717','admin','2014-12-29 16:29:05','127.0.0.1','增加','操作日志',53,'deal管理模块',NULL),(94,'1717','admin','2014-12-29 17:10:04','127.0.0.1','登入','操作日志',NULL,'登入模块',NULL),(95,'1717','admin','2014-12-29 17:42:52','127.0.0.1','登入','操作日志',NULL,'登入模块',NULL),(96,'1717','admin','2014-12-29 18:08:00','127.0.0.1','登入','操作日志',NULL,'登入模块',NULL),(97,'1717','admin','2014-12-29 18:15:14','127.0.0.1','登入','操作日志',NULL,'登入模块',NULL),(98,'1717','admin','2014-12-29 19:02:12','127.0.0.1','修改','权限日志',63,'功能权限',NULL),(99,'1717','admin','2014-12-29 19:02:16','127.0.0.1','修改','权限日志',64,'功能权限',NULL),(100,'1717','admin','2014-12-29 19:02:23','127.0.0.1','修改','权限日志',65,'功能权限',NULL),(101,'1717','admin','2014-12-30 09:55:38','127.0.0.1','登入','操作日志',NULL,'登入模块',NULL),(102,'1717','admin','2014-12-30 09:57:16','127.0.0.1','增加','权限日志',116,'功能权限',NULL),(103,'1717','admin','2014-12-30 09:58:28','127.0.0.1','增加','权限日志',117,'功能权限',NULL),(104,'1717','admin','2014-12-30 09:59:19','127.0.0.1','增加','权限日志',20,'角色分配功能',NULL),(105,'1717','admin','2014-12-30 09:59:22','127.0.0.1','增加','权限日志',20,'角色分配功能',NULL),(106,'1717','admin','2014-12-30 10:13:58','127.0.0.1','登入','操作日志',NULL,'登入模块',NULL),(107,'1717','admin','2014-12-30 10:18:51','0:0:0:0:0:0:0:1%0','登入','操作日志',NULL,'登入模块',NULL),(108,'1717','admin','2014-12-30 10:20:22','0:0:0:0:0:0:0:1','登入','操作日志',NULL,'登入模块',NULL),(109,'1717','admin','2014-12-30 10:21:31','127.0.0.1','登入','操作日志',NULL,'登入模块',NULL),(110,'1717','admin','2014-12-30 10:21:39','127.0.0.1','登入','操作日志',NULL,'登入模块',NULL),(111,'1717','admin','2014-12-30 10:32:58','127.0.0.1','登入','操作日志',NULL,'登入模块',NULL),(112,'1717','admin','2014-12-30 10:36:45','127.0.0.1','登入','操作日志',NULL,'登入模块',NULL),(113,'1717','admin','2014-12-30 10:37:48','127.0.0.1','登入','操作日志',NULL,'登入模块',NULL),(114,'1717','admin','2014-12-30 10:38:18','0:0:0:0:0:0:0:1','登入','操作日志',NULL,'登入模块',NULL),(115,'1717','admin','2014-12-30 10:39:05','127.0.0.1','修改','操作日志',52,'deal管理模块',NULL),(116,'1717','admin','2014-12-30 10:39:52','0:0:0:0:0:0:0:1','登入','操作日志',NULL,'登入模块',NULL),(117,'1717','admin','2014-12-30 10:41:35','0:0:0:0:0:0:0:1','登入','操作日志',NULL,'登入模块',NULL),(118,'1717','admin','2014-12-30 10:42:08','0:0:0:0:0:0:0:1','修改','权限日志',83,'功能权限',NULL),(119,'1717','admin','2014-12-30 10:42:23','0:0:0:0:0:0:0:1','修改','权限日志',105,'功能权限',NULL),(120,'1717','admin','2014-12-30 10:42:40','0:0:0:0:0:0:0:1','修改','权限日志',84,'功能权限',NULL),(121,'1717','admin','2014-12-30 10:42:38','127.0.0.1','登入','操作日志',NULL,'登入模块',NULL),(122,'1717','admin','2014-12-30 10:42:57','0:0:0:0:0:0:0:1','修改','权限日志',85,'功能权限',NULL),(123,'1717','admin','2014-12-30 10:42:59','127.0.0.1','删除','操作日志',8,'广告主行业管理模块-删除信息',NULL),(124,'1717','admin','2014-12-30 10:43:06','0:0:0:0:0:0:0:1','修改','权限日志',107,'功能权限',NULL),(125,'1717','admin','2014-12-30 10:43:19','0:0:0:0:0:0:0:1','修改','权限日志',108,'功能权限',NULL),(126,'1717','admin','2014-12-30 10:43:27','0:0:0:0:0:0:0:1','修改','权限日志',109,'功能权限',NULL),(127,'1717','admin','2014-12-30 10:43:44','0:0:0:0:0:0:0:1','修改','权限日志',110,'功能权限',NULL),(128,'1717','admin','2014-12-30 10:43:53','0:0:0:0:0:0:0:1','修改','权限日志',111,'功能权限',NULL),(129,'1717','admin','2014-12-30 10:44:01','0:0:0:0:0:0:0:1','修改','权限日志',112,'功能权限',NULL),(130,'1717','admin','2014-12-30 10:49:39','127.0.0.1','删除','权限日志',92,'功能权限',NULL),(131,'1717','admin','2014-12-30 10:49:41','127.0.0.1','删除','权限日志',93,'功能权限',NULL),(132,'1717','admin','2014-12-30 10:51:54','127.0.0.1','增加','操作日志',2,'广告主管理模块-修改信息',NULL),(133,'1717','admin','2014-12-30 10:57:38','127.0.0.1','登入','操作日志',NULL,'登入模块',NULL),(134,'1717','admin','2014-12-30 11:07:02','127.0.0.1','增加','操作日志',NULL,'广告主行业低价管理模块-新增信息',NULL),(135,'1717','admin','2014-12-30 11:08:30','127.0.0.1','登入','操作日志',NULL,'登入模块',NULL),(136,'1717','admin','2014-12-30 11:16:50','127.0.0.1','增加','操作日志',NULL,'广告主行业低价管理模块-新增信息',NULL),(137,'1717','admin','2014-12-30 11:17:04','127.0.0.1','修改','操作日志',6,'行业低价规则审核 ',NULL),(138,'1717','admin','2014-12-30 11:19:06','127.0.0.1','登入','操作日志',NULL,'登入模块',NULL),(139,'1717','admin','2014-12-30 11:31:22','0:0:0:0:0:0:0:1','登入','操作日志',NULL,'登入模块',NULL),(140,'1717','admin','2014-12-30 11:46:17','0:0:0:0:0:0:0:1','登入','操作日志',NULL,'登入模块',NULL),(141,'1717','admin','2014-12-30 11:49:03','127.0.0.1','登入','操作日志',NULL,'登入模块',NULL),(142,'1717','admin','2014-12-30 11:49:29','0:0:0:0:0:0:0:1','登入','操作日志',NULL,'登入模块',NULL),(143,'1717','admin','2014-12-30 11:49:55','127.0.0.1','修改','权限日志',20,'角色管理模块',NULL),(144,'1717','admin','2014-12-30 11:50:25','127.0.0.1','删除','权限日志',1849,'角色分配功能',NULL),(145,'1717','admin','2014-12-30 11:50:25','127.0.0.1','删除','权限日志',1832,'角色分配功能',NULL),(146,'1717','admin','2014-12-30 11:50:25','127.0.0.1','删除','权限日志',1831,'角色分配功能',NULL),(147,'1717','admin','2014-12-30 11:54:09','0:0:0:0:0:0:0:1','增加','权限日志',121,'功能权限',NULL),(148,'1717','admin','2014-12-30 11:54:19','0:0:0:0:0:0:0:1','增加','权限日志',122,'功能权限',NULL),(149,'1717','admin','2014-12-30 11:54:29','0:0:0:0:0:0:0:1','增加','权限日志',123,'功能权限',NULL),(150,'1717','admin','2014-12-30 11:54:49','127.0.0.1','修改','权限日志',52,'功能权限',NULL),(151,'1717','admin','2014-12-30 11:55:34','127.0.0.1','增加','权限日志',30,'角色管理模块-配置菜单',NULL),(152,'1717','admin','2014-12-30 11:55:39','127.0.0.1','删除','权限日志',209,'菜单管理模块',NULL),(153,'1717','admin','2014-12-30 11:55:48','127.0.0.1','删除','权限日志',208,'菜单管理模块',NULL),(154,'1717','admin','2014-12-30 12:08:03','127.0.0.1','登入','操作日志',NULL,'登入模块',NULL),(155,'1717','admin','2014-12-30 12:08:57','127.0.0.1','登入','操作日志',NULL,'登入模块',NULL),(156,'1717','admin','2014-12-30 12:09:48','127.0.0.1','登入','操作日志',NULL,'登入模块',NULL),(157,'1717','admin','2014-12-30 12:10:17','127.0.0.1','登入','操作日志',NULL,'登入模块',NULL),(158,'1717','admin','2014-12-30 12:10:27','0:0:0:0:0:0:0:1','登入','操作日志',NULL,'登入模块',NULL),(159,'1717','admin','2014-12-30 12:10:49','127.0.0.1','增加','权限日志',20,'角色分配功能',NULL),(160,'1717','admin','2014-12-30 12:13:15','0:0:0:0:0:0:0:1','修改','操作日志',36,'修改物料',NULL),(161,'1717','admin','2014-12-30 12:13:15','0:0:0:0:0:0:0:1','增加','操作日志',36,'物料关联广告位',NULL),(162,'1717','admin','2014-12-30 12:13:27','0:0:0:0:0:0:0:1','删除','操作日志',36,'删除物料',NULL),(163,'1717','admin','2014-12-30 12:16:14','0:0:0:0:0:0:0:1','登入','操作日志',NULL,'登入模块',NULL),(164,'1717','admin','2014-12-30 12:19:36','127.0.0.1','删除','权限日志',1925,'角色分配功能',NULL),(165,'1717','admin','2014-12-30 12:19:36','127.0.0.1','删除','权限日志',1921,'角色分配功能',NULL),(166,'1717','admin','2014-12-30 12:19:36','127.0.0.1','删除','权限日志',1920,'角色分配功能',NULL),(167,'1717','admin','2014-12-30 12:19:36','127.0.0.1','删除','权限日志',1919,'角色分配功能',NULL),(168,'1717','admin','2014-12-30 12:19:36','127.0.0.1','删除','权限日志',1918,'角色分配功能',NULL),(169,'1717','admin','2014-12-30 12:19:36','127.0.0.1','删除','权限日志',1917,'角色分配功能',NULL),(170,'1717','admin','2014-12-30 12:19:36','127.0.0.1','删除','权限日志',1916,'角色分配功能',NULL),(171,'1717','admin','2014-12-30 12:19:36','127.0.0.1','删除','权限日志',1915,'角色分配功能',NULL),(172,'1717','admin','2014-12-30 12:19:36','127.0.0.1','删除','权限日志',1914,'角色分配功能',NULL),(173,'1717','admin','2014-12-30 12:19:36','127.0.0.1','删除','权限日志',1913,'角色分配功能',NULL),(174,'1717','admin','2014-12-30 12:19:37','127.0.0.1','删除','权限日志',1912,'角色分配功能',NULL),(175,'1717','admin','2014-12-30 12:19:37','127.0.0.1','删除','权限日志',1911,'角色分配功能',NULL),(176,'1717','admin','2014-12-30 12:19:37','127.0.0.1','删除','权限日志',1910,'角色分配功能',NULL),(177,'1717','admin','2014-12-30 12:19:37','127.0.0.1','删除','权限日志',1909,'角色分配功能',NULL),(178,'1717','admin','2014-12-30 12:19:37','127.0.0.1','删除','权限日志',1908,'角色分配功能',NULL),(179,'1717','admin','2014-12-30 12:19:37','127.0.0.1','删除','权限日志',1907,'角色分配功能',NULL),(180,'1717','admin','2014-12-30 12:19:37','127.0.0.1','删除','权限日志',1906,'角色分配功能',NULL),(181,'1717','admin','2014-12-30 12:19:37','127.0.0.1','删除','权限日志',1905,'角色分配功能',NULL),(182,'1717','admin','2014-12-30 12:19:37','127.0.0.1','删除','权限日志',1904,'角色分配功能',NULL),(183,'1717','admin','2014-12-30 12:19:37','127.0.0.1','删除','权限日志',1903,'角色分配功能',NULL),(184,'1717','admin','2014-12-30 12:19:37','127.0.0.1','删除','权限日志',1902,'角色分配功能',NULL),(185,'1717','admin','2014-12-30 12:19:37','127.0.0.1','删除','权限日志',1901,'角色分配功能',NULL),(186,'1717','admin','2014-12-30 12:19:37','127.0.0.1','删除','权限日志',1900,'角色分配功能',NULL),(187,'1717','admin','2014-12-30 12:19:37','127.0.0.1','删除','权限日志',1899,'角色分配功能',NULL),(188,'1717','admin','2014-12-30 12:19:37','127.0.0.1','删除','权限日志',1898,'角色分配功能',NULL),(189,'1717','admin','2014-12-30 12:19:41','127.0.0.1','增加','权限日志',20,'角色分配功能',NULL),(190,'1717','admin','2014-12-30 12:19:43','127.0.0.1','删除','权限日志',1950,'角色分配功能',NULL),(191,'1717','admin','2014-12-30 12:19:43','127.0.0.1','删除','权限日志',1949,'角色分配功能',NULL),(192,'1717','admin','2014-12-30 12:19:44','127.0.0.1','删除','权限日志',1948,'角色分配功能',NULL),(193,'1717','admin','2014-12-30 12:19:44','127.0.0.1','删除','权限日志',1947,'角色分配功能',NULL),(194,'1717','admin','2014-12-30 12:19:44','127.0.0.1','删除','权限日志',1946,'角色分配功能',NULL),(195,'1717','admin','2014-12-30 12:19:44','127.0.0.1','删除','权限日志',1945,'角色分配功能',NULL),(196,'1717','admin','2014-12-30 12:19:44','127.0.0.1','删除','权限日志',1944,'角色分配功能',NULL),(197,'1717','admin','2014-12-30 12:19:44','127.0.0.1','删除','权限日志',1943,'角色分配功能',NULL),(198,'1717','admin','2014-12-30 12:19:44','127.0.0.1','删除','权限日志',1942,'角色分配功能',NULL),(199,'1717','admin','2014-12-30 12:19:44','127.0.0.1','删除','权限日志',1941,'角色分配功能',NULL),(200,'1717','admin','2014-12-30 12:19:44','127.0.0.1','删除','权限日志',1940,'角色分配功能',NULL),(201,'1717','admin','2014-12-30 12:19:44','127.0.0.1','删除','权限日志',1939,'角色分配功能',NULL),(202,'1717','admin','2014-12-30 12:19:44','127.0.0.1','删除','权限日志',1938,'角色分配功能',NULL),(203,'1717','admin','2014-12-30 12:19:44','127.0.0.1','删除','权限日志',1937,'角色分配功能',NULL),(204,'1717','admin','2014-12-30 12:19:44','127.0.0.1','删除','权限日志',1936,'角色分配功能',NULL),(205,'1717','admin','2014-12-30 12:19:45','127.0.0.1','删除','权限日志',1935,'角色分配功能',NULL),(206,'1717','admin','2014-12-30 12:19:45','127.0.0.1','删除','权限日志',1934,'角色分配功能',NULL),(207,'1717','admin','2014-12-30 12:19:45','127.0.0.1','删除','权限日志',1933,'角色分配功能',NULL),(208,'1717','admin','2014-12-30 12:19:45','127.0.0.1','删除','权限日志',1932,'角色分配功能',NULL),(209,'1717','admin','2014-12-30 12:19:45','127.0.0.1','删除','权限日志',1931,'角色分配功能',NULL),(210,'1717','admin','2014-12-30 12:19:45','127.0.0.1','删除','权限日志',1930,'角色分配功能',NULL),(211,'1717','admin','2014-12-30 12:19:45','127.0.0.1','删除','权限日志',1929,'角色分配功能',NULL),(212,'1717','admin','2014-12-30 12:19:45','127.0.0.1','删除','权限日志',1928,'角色分配功能',NULL),(213,'1717','admin','2014-12-30 12:19:45','127.0.0.1','删除','权限日志',1927,'角色分配功能',NULL),(214,'1717','admin','2014-12-30 12:19:45','127.0.0.1','删除','权限日志',1926,'角色分配功能',NULL),(215,'1717','admin','2014-12-30 12:19:45','127.0.0.1','删除','权限日志',1950,'角色分配功能',NULL),(216,'1717','admin','2014-12-30 12:19:45','127.0.0.1','删除','权限日志',1949,'角色分配功能',NULL),(217,'1717','admin','2014-12-30 12:19:45','127.0.0.1','删除','权限日志',1948,'角色分配功能',NULL),(218,'1717','admin','2014-12-30 12:19:45','127.0.0.1','删除','权限日志',1947,'角色分配功能',NULL),(219,'1717','admin','2014-12-30 12:19:45','127.0.0.1','删除','权限日志',1946,'角色分配功能',NULL),(220,'1717','admin','2014-12-30 12:19:46','127.0.0.1','删除','权限日志',1945,'角色分配功能',NULL),(221,'1717','admin','2014-12-30 12:19:46','127.0.0.1','删除','权限日志',1944,'角色分配功能',NULL),(222,'1717','admin','2014-12-30 12:19:46','127.0.0.1','删除','权限日志',1943,'角色分配功能',NULL),(223,'1717','admin','2014-12-30 12:19:46','127.0.0.1','删除','权限日志',1942,'角色分配功能',NULL),(224,'1717','admin','2014-12-30 12:19:46','127.0.0.1','删除','权限日志',1941,'角色分配功能',NULL),(225,'1717','admin','2014-12-30 12:19:46','127.0.0.1','删除','权限日志',1940,'角色分配功能',NULL),(226,'1717','admin','2014-12-30 12:19:46','127.0.0.1','删除','权限日志',1939,'角色分配功能',NULL),(227,'1717','admin','2014-12-30 12:19:46','127.0.0.1','删除','权限日志',1938,'角色分配功能',NULL),(228,'1717','admin','2014-12-30 12:19:46','127.0.0.1','删除','权限日志',1937,'角色分配功能',NULL),(229,'1717','admin','2014-12-30 12:19:46','127.0.0.1','删除','权限日志',1936,'角色分配功能',NULL),(230,'1717','admin','2014-12-30 12:19:47','127.0.0.1','删除','权限日志',1935,'角色分配功能',NULL),(231,'1717','admin','2014-12-30 12:19:47','127.0.0.1','删除','权限日志',1934,'角色分配功能',NULL),(232,'1717','admin','2014-12-30 12:19:47','127.0.0.1','删除','权限日志',1933,'角色分配功能',NULL),(233,'1717','admin','2014-12-30 12:19:47','127.0.0.1','删除','权限日志',1932,'角色分配功能',NULL),(234,'1717','admin','2014-12-30 12:19:47','127.0.0.1','删除','权限日志',1931,'角色分配功能',NULL),(235,'1717','admin','2014-12-30 12:19:47','127.0.0.1','删除','权限日志',1930,'角色分配功能',NULL),(236,'1717','admin','2014-12-30 12:19:47','127.0.0.1','删除','权限日志',1929,'角色分配功能',NULL),(237,'1717','admin','2014-12-30 12:19:47','127.0.0.1','删除','权限日志',1928,'角色分配功能',NULL),(238,'1717','admin','2014-12-30 12:19:47','127.0.0.1','删除','权限日志',1927,'角色分配功能',NULL),(239,'1717','admin','2014-12-30 12:19:47','127.0.0.1','删除','权限日志',1926,'角色分配功能',NULL),(240,'1717','admin','2014-12-30 12:19:47','127.0.0.1','删除','权限日志',1897,'角色分配功能',NULL),(241,'1717','admin','2014-12-30 12:19:47','127.0.0.1','删除','权限日志',1896,'角色分配功能',NULL),(242,'1717','admin','2014-12-30 12:19:47','127.0.0.1','删除','权限日志',1895,'角色分配功能',NULL),(243,'1717','admin','2014-12-30 12:19:48','127.0.0.1','删除','权限日志',1894,'角色分配功能',NULL),(244,'1717','admin','2014-12-30 12:19:48','127.0.0.1','删除','权限日志',1893,'角色分配功能',NULL),(245,'1717','admin','2014-12-30 12:19:48','127.0.0.1','删除','权限日志',1892,'角色分配功能',NULL),(246,'1717','admin','2014-12-30 12:19:48','127.0.0.1','删除','权限日志',1891,'角色分配功能',NULL),(247,'1717','admin','2014-12-30 12:19:48','127.0.0.1','删除','权限日志',1890,'角色分配功能',NULL),(248,'1717','admin','2014-12-30 12:19:48','127.0.0.1','删除','权限日志',1889,'角色分配功能',NULL),(249,'1717','admin','2014-12-30 12:19:48','127.0.0.1','删除','权限日志',1888,'角色分配功能',NULL),(250,'1717','admin','2014-12-30 12:19:48','127.0.0.1','删除','权限日志',1887,'角色分配功能',NULL),(251,'1717','admin','2014-12-30 12:19:48','127.0.0.1','删除','权限日志',1886,'角色分配功能',NULL),(252,'1717','admin','2014-12-30 12:19:48','127.0.0.1','删除','权限日志',1885,'角色分配功能',NULL),(253,'1717','admin','2014-12-30 12:19:48','127.0.0.1','删除','权限日志',1884,'角色分配功能',NULL),(254,'1717','admin','2014-12-30 12:19:48','127.0.0.1','删除','权限日志',1883,'角色分配功能',NULL),(255,'1717','admin','2014-12-30 12:19:48','127.0.0.1','删除','权限日志',1882,'角色分配功能',NULL),(256,'1717','admin','2014-12-30 12:19:48','127.0.0.1','删除','权限日志',1881,'角色分配功能',NULL),(257,'1717','admin','2014-12-30 12:19:48','127.0.0.1','删除','权限日志',1880,'角色分配功能',NULL),(258,'1717','admin','2014-12-30 12:19:48','127.0.0.1','删除','权限日志',1879,'角色分配功能',NULL),(259,'1717','admin','2014-12-30 12:19:49','127.0.0.1','删除','权限日志',1878,'角色分配功能',NULL),(260,'1717','admin','2014-12-30 12:19:49','127.0.0.1','删除','权限日志',1877,'角色分配功能',NULL),(261,'1717','admin','2014-12-30 12:19:49','127.0.0.1','删除','权限日志',1876,'角色分配功能',NULL),(262,'1717','admin','2014-12-30 12:19:49','127.0.0.1','删除','权限日志',1875,'角色分配功能',NULL),(263,'1717','admin','2014-12-30 12:19:49','127.0.0.1','删除','权限日志',1874,'角色分配功能',NULL),(264,'1717','admin','2014-12-30 12:19:49','127.0.0.1','删除','权限日志',1873,'角色分配功能',NULL),(265,'1717','admin','2014-12-30 12:19:59','127.0.0.1','增加','权限日志',20,'角色分配功能',NULL),(266,'1717','admin','2014-12-30 12:20:03','127.0.0.1','增加','权限日志',20,'角色分配功能',NULL),(267,'1717','admin','2014-12-30 12:23:21','127.0.0.1','增加','权限日志',124,'功能权限',NULL),(268,'1717','admin','2014-12-30 12:23:50','127.0.0.1','修改','权限日志',96,'功能权限',NULL),(269,'1717','admin','2014-12-30 12:23:55','127.0.0.1','删除','权限日志',95,'功能权限',NULL),(270,'1717','admin','2014-12-30 12:24:08','127.0.0.1','增加','权限日志',20,'角色分配功能',NULL),(271,'1717','admin','2014-12-30 12:24:24','127.0.0.1','删除','权限日志',1978,'角色分配功能',NULL),(272,'1717','admin','2014-12-30 12:35:32','127.0.0.1','修改','权限日志',121,'功能权限',NULL),(273,'1717','admin','2014-12-30 12:36:58','127.0.0.1','修改','权限日志',121,'功能权限',NULL),(274,'1717','admin','2014-12-30 13:33:58','127.0.0.1','登入','操作日志',NULL,'登入模块',NULL),(275,'1717','admin','2014-12-30 13:38:06','127.0.0.1','登入','操作日志',NULL,'登入模块',NULL),(276,'1717','admin','2014-12-30 14:18:35','127.0.0.1','登入','操作日志',NULL,'登入模块',NULL),(277,'1717','admin','2014-12-30 14:24:25','127.0.0.1','增加','权限日志',125,'功能权限',NULL),(278,'1717','admin','2014-12-30 14:24:39','127.0.0.1','增加','权限日志',126,'功能权限',NULL),(279,'1717','admin','2014-12-30 14:24:58','127.0.0.1','增加','权限日志',127,'功能权限',NULL),(280,'1717','admin','2014-12-30 14:25:07','127.0.0.1','增加','权限日志',20,'角色分配功能',NULL),(281,'1717','admin','2014-12-30 14:32:18','127.0.0.1','登入','操作日志',NULL,'登入模块',NULL),(282,'1717','admin','2014-12-30 14:37:26','127.0.0.1','登入','操作日志',NULL,'登入模块',NULL),(283,'1717','admin','2014-12-30 15:26:31','127.0.0.1','删除','权限日志',116,'功能权限',NULL),(284,'1717','admin','2014-12-30 15:26:39','127.0.0.1','删除','权限日志',117,'功能权限',NULL),(285,'1717','admin','2014-12-30 15:37:13','127.0.0.1','登入','操作日志',NULL,'登入模块',NULL),(286,'1717','admin','2014-12-30 15:59:03','127.0.0.1','登入','操作日志',NULL,'登入模块',NULL),(287,'1717','admin','2014-12-30 16:08:19','127.0.0.1','登入','操作日志',NULL,'登入模块',NULL),(288,'1717','admin','2014-12-30 16:10:00','127.0.0.1','登入','操作日志',NULL,'登入模块',NULL),(289,'1717','admin','2014-12-30 16:11:06','127.0.0.1','登入','操作日志',NULL,'登入模块',NULL),(290,'1717','admin','2014-12-30 16:13:18','127.0.0.1','登入','操作日志',NULL,'登入模块',NULL),(291,'1717','admin','2014-12-30 16:14:14','127.0.0.1','登入','操作日志',NULL,'登入模块',NULL),(292,'1717','admin','2014-12-30 16:18:15','127.0.0.1','登入','操作日志',NULL,'登入模块',NULL),(293,'1717','admin','2014-12-30 16:19:12','127.0.0.1','登入','操作日志',NULL,'登入模块',NULL),(294,'1717','admin','2014-12-30 16:24:58','127.0.0.1','登入','操作日志',NULL,'登入模块',NULL),(295,'1717','admin','2014-12-30 16:30:32','127.0.0.1','登入','操作日志',NULL,'登入模块',NULL),(296,'1717','admin','2014-12-30 16:34:11','127.0.0.1','登入','操作日志',NULL,'登入模块',NULL),(297,'1717','admin','2014-12-30 16:36:25','127.0.0.1','登入','操作日志',NULL,'登入模块',NULL),(298,'1717','admin','2014-12-30 16:36:38','127.0.0.1','登入','操作日志',NULL,'登入模块',NULL),(299,'1717','admin','2014-12-30 16:41:53','127.0.0.1','增加','操作日志',37,'新增物料',NULL),(300,'1717','admin','2014-12-30 16:41:53','127.0.0.1','增加','操作日志',37,'物料关联广告位',NULL),(301,'1717','admin','2014-12-30 16:42:15','127.0.0.1','增加','操作日志',38,'新增物料',NULL),(302,'1717','admin','2014-12-30 16:42:15','127.0.0.1','增加','操作日志',38,'物料关联广告位',NULL),(303,'1717','admin','2014-12-30 16:42:51','127.0.0.1','增加','操作日志',39,'新增物料',NULL),(304,'1717','admin','2014-12-30 16:42:51','127.0.0.1','增加','操作日志',39,'物料关联广告位',NULL),(305,'1717','admin','2014-12-30 16:43:15','127.0.0.1','增加','操作日志',40,'新增物料',NULL),(306,'1717','admin','2014-12-30 16:43:15','127.0.0.1','增加','操作日志',40,'物料关联广告位',NULL),(307,'1717','admin','2014-12-30 16:43:44','127.0.0.1','增加','操作日志',41,'新增物料',NULL),(308,'1717','admin','2014-12-30 16:43:44','127.0.0.1','增加','操作日志',41,'物料关联广告位',NULL),(309,'1717','admin','2014-12-30 16:44:00','127.0.0.1','增加','操作日志',42,'新增物料',NULL),(310,'1717','admin','2014-12-30 16:44:00','127.0.0.1','增加','操作日志',42,'物料关联广告位',NULL),(311,'1717','admin','2014-12-30 16:44:14','127.0.0.1','增加','操作日志',43,'新增物料',NULL),(312,'1717','admin','2014-12-30 16:44:14','127.0.0.1','增加','操作日志',43,'物料关联广告位',NULL),(313,'1717','admin','2014-12-30 16:44:30','127.0.0.1','增加','操作日志',44,'新增物料',NULL),(314,'1717','admin','2014-12-30 16:44:30','127.0.0.1','增加','操作日志',44,'物料关联广告位',NULL),(315,'1717','admin','2014-12-30 16:44:46','127.0.0.1','增加','操作日志',45,'新增物料',NULL),(316,'1717','admin','2014-12-30 16:44:46','127.0.0.1','增加','操作日志',45,'物料关联广告位',NULL),(317,'1717','admin','2014-12-30 16:45:05','127.0.0.1','增加','操作日志',46,'新增物料',NULL),(318,'1717','admin','2014-12-30 16:45:05','127.0.0.1','增加','操作日志',46,'物料关联广告位',NULL),(319,'1717','admin','2014-12-30 16:54:09','127.0.0.1','登入','操作日志',NULL,'登入模块',NULL),(320,'1717','admin','2014-12-30 17:22:47','127.0.0.1','登入','操作日志',NULL,'登入模块',NULL),(321,'1717','admin','2014-12-30 17:24:47','127.0.0.1','登入','操作日志',NULL,'登入模块',NULL),(322,'1717','admin','2014-12-30 17:38:07','127.0.0.1','登入','操作日志',NULL,'登入模块',NULL),(323,'1717','admin','2014-12-30 17:40:30','127.0.0.1','登入','操作日志',NULL,'登入模块',NULL),(324,'1717','admin','2014-12-30 17:40:58','127.0.0.1','登入','操作日志',NULL,'登入模块',NULL),(325,'1717','admin','2014-12-30 17:44:50','127.0.0.1','登入','操作日志',NULL,'登入模块',NULL),(326,'1717','admin','2014-12-30 17:49:59','127.0.0.1','登入','操作日志',NULL,'登入模块',NULL),(327,'1717','admin','2014-12-30 17:52:16','127.0.0.1','登入','操作日志',NULL,'登入模块',NULL),(328,'1717','admin','2014-12-30 17:55:27','127.0.0.1','登入','操作日志',NULL,'登入模块',NULL),(329,'1717','admin','2014-12-30 17:56:49','127.0.0.1','登入','操作日志',NULL,'登入模块',NULL),(330,'1717','admin','2014-12-30 17:57:14','127.0.0.1','登入','操作日志',NULL,'登入模块',NULL),(331,'1717','admin','2014-12-30 18:13:34','127.0.0.1','登入','操作日志',NULL,'登入模块',NULL),(332,'1717','admin','2014-12-30 18:15:02','127.0.0.1','登入','操作日志',NULL,'登入模块',NULL),(333,'1717','admin','2014-12-30 18:21:07','127.0.0.1','登入','操作日志',NULL,'登入模块',NULL),(334,'1717','admin','2014-12-30 18:30:29','127.0.0.1','登入','操作日志',NULL,'登入模块',NULL),(335,'1717','admin','2014-12-30 18:31:16','127.0.0.1','登入','操作日志',NULL,'登入模块',NULL),(336,'1717','admin','2014-12-30 18:35:33','127.0.0.1','登入','操作日志',NULL,'登入模块',NULL),(337,'1717','admin','2014-12-30 21:24:36','127.0.0.1','登入','操作日志',NULL,'登入模块',NULL),(338,'1717','admin','2014-12-30 23:05:12','127.0.0.1','修改','操作日志',9,'广告主行业管理模块-修改信息',NULL),(339,'1717','admin','2014-12-30 23:05:20','127.0.0.1','增加','操作日志',NULL,'广告主行业管理模块-新增信息',NULL),(340,'1717','admin','2014-12-30 23:05:30','127.0.0.1','增加','操作日志',NULL,'广告主行业管理模块-新增信息',NULL),(341,'1717','admin','2014-12-30 23:57:04','127.0.0.1','登入','操作日志',NULL,'登入模块',NULL),(342,'1717','admin','2014-12-31 00:27:25','127.0.0.1','审批','操作日志',6,'广告位管理模块',NULL),(343,'1717','admin','2014-12-31 00:28:26','127.0.0.1','登入','操作日志',NULL,'登入模块',NULL),(344,'1717','admin','2014-12-31 00:28:48','127.0.0.1','审批','操作日志',6,'广告位管理模块',NULL),(345,'1717','admin','2014-12-31 00:30:45','127.0.0.1','审批','操作日志',8,'广告位管理模块',NULL),(346,'1717','admin','2014-12-31 00:31:16','127.0.0.1','审批','操作日志',7,'广告位管理模块',NULL),(347,'1717','admin','2014-12-31 00:39:52','127.0.0.1','删除','权限日志',254,'菜单管理模块',NULL),(348,'1717','admin','2014-12-31 00:42:13','127.0.0.1','增加','权限日志',20,'角色管理模块-配置菜单',NULL),(349,'1717','admin','2014-12-31 01:01:51','127.0.0.1','登入','操作日志',NULL,'登入模块',NULL),(350,'1717','admin','2014-12-31 09:55:21','127.0.0.1','登入','操作日志',NULL,'登入模块',NULL),(351,'1717','admin','2014-12-31 09:58:16','127.0.0.1','登入','操作日志',NULL,'登入模块',NULL),(352,'1717','admin','2014-12-31 10:00:39','127.0.0.1','登入','操作日志',NULL,'登入模块',NULL),(353,'1717','admin','2014-12-31 10:02:12','127.0.0.1','增加','权限日志',128,'功能权限',NULL),(354,'1717','admin','2014-12-31 10:02:26','127.0.0.1','增加','权限日志',129,'功能权限',NULL),(355,'1717','admin','2014-12-31 10:02:41','127.0.0.1','增加','权限日志',130,'功能权限',NULL),(356,'1717','admin','2014-12-31 10:02:54','127.0.0.1','增加','权限日志',131,'功能权限',NULL),(357,'1717','admin','2014-12-31 10:03:04','127.0.0.1','增加','权限日志',132,'功能权限',NULL),(358,'1717','admin','2014-12-31 10:03:17','127.0.0.1','增加','权限日志',20,'角色分配功能',NULL),(359,'1717','admin','2014-12-31 10:03:55','127.0.0.1','登入','操作日志',NULL,'登入模块',NULL),(360,'1717','admin','2014-12-31 10:04:48','127.0.0.1','登入','操作日志',NULL,'登入模块',NULL),(361,'1717','admin','2014-12-31 10:36:57','127.0.0.1','登入','操作日志',NULL,'登入模块',NULL),(362,'1717','admin','2014-12-31 10:58:57','127.0.0.1','登入','操作日志',NULL,'登入模块',NULL),(363,'1717','admin','2014-12-31 11:04:31','127.0.0.1','登入','操作日志',NULL,'登入模块',NULL),(364,'1717','admin','2014-12-31 11:07:26','127.0.0.1','登入','操作日志',NULL,'登入模块',NULL),(365,'1717','admin','2014-12-31 11:11:59','127.0.0.1','登入','操作日志',NULL,'登入模块',NULL),(366,'1717','admin','2014-12-31 11:12:40','127.0.0.1','登入','操作日志',NULL,'登入模块',NULL),(367,'1717','admin','2014-12-31 11:24:49','127.0.0.1','登入','操作日志',NULL,'登入模块',NULL),(368,'1717','admin','2014-12-31 11:26:05','127.0.0.1','审批','操作日志',6,'广告位管理模块',NULL),(369,'1717','admin','2014-12-31 11:32:33','127.0.0.1','登入','操作日志',NULL,'登入模块',NULL),(370,'1717','admin','2014-12-31 11:34:18','127.0.0.1','登入','操作日志',NULL,'登入模块',NULL),(371,'1717','admin','2014-12-31 11:43:48','127.0.0.1','登入','操作日志',NULL,'登入模块',NULL),(372,'1717','admin','2014-12-31 11:48:21','127.0.0.1','登入','操作日志',NULL,'登入模块',NULL),(373,'1717','admin','2014-12-31 11:51:52','127.0.0.1','登入','操作日志',NULL,'登入模块',NULL),(374,'1717','admin','2014-12-31 12:00:20','127.0.0.1','登入','操作日志',NULL,'登入模块',NULL),(375,'1717','admin','2014-12-31 12:04:34','127.0.0.1','登入','操作日志',NULL,'登入模块',NULL),(376,'1717','admin','2014-12-31 12:07:25','127.0.0.1','登入','操作日志',NULL,'登入模块',NULL),(377,'1717','admin','2014-12-31 12:08:29','127.0.0.1','登入','操作日志',NULL,'登入模块',NULL),(378,'1717','admin','2014-12-31 12:08:46','127.0.0.1','登入','操作日志',NULL,'登入模块',NULL),(379,'1717','admin','2014-12-31 12:14:28','127.0.0.1','增加','操作日志',54,'deal管理模块',NULL),(380,'1717','admin','2014-12-31 12:20:20','127.0.0.1','登入','操作日志',NULL,'登入模块',NULL),(381,'1717','admin','2014-12-31 12:23:58','127.0.0.1','登入','操作日志',NULL,'登入模块',NULL),(382,'1717','admin','2014-12-31 12:38:27','127.0.0.1','登入','操作日志',NULL,'登入模块',NULL),(383,'1717','admin','2014-12-31 12:44:16','127.0.0.1','登入','操作日志',NULL,'登入模块',NULL),(384,'1717','admin','2014-12-31 12:45:26','127.0.0.1','登入','操作日志',NULL,'登入模块',NULL),(385,'1717','admin','2014-12-31 12:45:30','127.0.0.1','登入','操作日志',NULL,'登入模块',NULL),(386,'1717','admin','2014-12-31 14:06:51','127.0.0.1','登入','操作日志',NULL,'登入模块',NULL),(387,'1717','admin','2014-12-31 14:33:31','127.0.0.1','登入','操作日志',NULL,'登入模块',NULL),(388,'1717','admin','2014-12-31 15:27:46','127.0.0.1','登入','操作日志',NULL,'登入模块',NULL),(389,'1717','admin','2014-12-31 15:40:02','127.0.0.1','增加','操作日志',NULL,'广告主行业低价管理模块-新增信息',NULL),(390,'1717','admin','2014-12-31 15:40:27','127.0.0.1','删除','操作日志',4,'帐款管理模块-充值审核',NULL),(391,'1717','admin','2014-12-31 15:40:27','127.0.0.1','删除','操作日志',3,'帐款管理模块-充值审核',NULL),(392,'1717','admin','2014-12-31 15:40:43','127.0.0.1','删除','操作日志',2,'帐款管理模块-充值审核',NULL),(393,'1717','admin','2014-12-31 15:40:43','127.0.0.1','删除','操作日志',1,'帐款管理模块-充值审核',NULL),(394,'1717','admin','2014-12-31 16:12:26','127.0.0.1','登入','操作日志',NULL,'登入模块',NULL),(395,'1717','admin','2014-12-31 16:16:12','127.0.0.1','增加','权限日志',133,'功能权限',NULL),(396,'1717','admin','2014-12-31 16:16:20','127.0.0.1','增加','权限日志',20,'角色分配功能',NULL),(397,'1717','admin','2014-12-31 16:16:26','127.0.0.1','登入','操作日志',NULL,'登入模块',NULL),(398,'1717','admin','2014-12-31 16:20:42','127.0.0.1','修改','操作日志',3,'帐款管理模块-修改金额信息',NULL),(399,'1717','admin','2014-12-31 16:45:39','127.0.0.1','登入','操作日志',NULL,'登入模块',NULL),(400,'1717','admin','2014-12-31 16:51:36','127.0.0.1','登入','操作日志',NULL,'登入模块',NULL),(401,'1717','admin','2014-12-31 17:23:28','127.0.0.1','登入','操作日志',NULL,'登入模块',NULL),(402,'1717','admin','2014-12-31 17:37:03','127.0.0.1','登入','操作日志',NULL,'登入模块',NULL),(403,'1717','admin','2014-12-31 17:38:46','127.0.0.1','登入','操作日志',NULL,'登入模块',NULL),(404,'1717','admin','2014-12-31 17:45:07','127.0.0.1','登入','操作日志',NULL,'登入模块',NULL),(405,'1717','admin','2014-12-31 17:50:55','127.0.0.1','登入','操作日志',NULL,'登入模块',NULL),(406,'1717','admin','2014-12-31 17:54:21','127.0.0.1','增加','操作日志',6,'广告主行业低价管理模块-新增中间信息',NULL),(407,'1717','admin','2014-12-31 18:18:50','127.0.0.1','审批','操作日志',7,'广告位管理模块',NULL),(408,'1717','admin','2014-12-31 18:19:29','127.0.0.1','审批','操作日志',7,'广告位管理模块',NULL),(409,'1717','admin','2014-12-31 18:25:30','127.0.0.1','修改','操作日志',6,'行业低价规则审核 ',NULL),(410,'1717','admin','2014-12-31 18:26:24','127.0.0.1','删除','权限日志',1976,'角色分配功能',NULL),(411,'1717','admin','2014-12-31 18:26:24','127.0.0.1','删除','权限日志',1977,'角色分配功能',NULL),(412,'1717','admin','2014-12-31 18:26:24','127.0.0.1','删除','权限日志',1979,'角色分配功能',NULL),(413,'1717','admin','2014-12-31 18:26:24','127.0.0.1','删除','权限日志',1980,'角色分配功能',NULL),(414,'1717','admin','2014-12-31 18:26:24','127.0.0.1','删除','权限日志',1981,'角色分配功能',NULL),(415,'1717','admin','2014-12-31 18:26:24','127.0.0.1','删除','权限日志',1982,'角色分配功能',NULL),(416,'1717','admin','2014-12-31 18:26:24','127.0.0.1','删除','权限日志',1983,'角色分配功能',NULL),(417,'1717','admin','2014-12-31 18:26:24','127.0.0.1','删除','权限日志',1984,'角色分配功能',NULL),(418,'1717','admin','2014-12-31 18:26:24','127.0.0.1','删除','权限日志',1985,'角色分配功能',NULL),(419,'1717','admin','2014-12-31 18:26:24','127.0.0.1','删除','权限日志',1986,'角色分配功能',NULL),(420,'1717','admin','2014-12-31 18:26:24','127.0.0.1','删除','权限日志',1987,'角色分配功能',NULL),(421,'1717','admin','2014-12-31 18:26:24','127.0.0.1','删除','权限日志',1988,'角色分配功能',NULL),(422,'1717','admin','2014-12-31 18:26:24','127.0.0.1','删除','权限日志',1989,'角色分配功能',NULL),(423,'1717','admin','2014-12-31 18:26:24','127.0.0.1','删除','权限日志',1990,'角色分配功能',NULL),(424,'1717','admin','2014-12-31 18:26:24','127.0.0.1','删除','权限日志',1991,'角色分配功能',NULL),(425,'1717','admin','2014-12-31 18:26:24','127.0.0.1','删除','权限日志',1992,'角色分配功能',NULL),(426,'1717','admin','2014-12-31 18:26:24','127.0.0.1','删除','权限日志',1993,'角色分配功能',NULL),(427,'1717','admin','2014-12-31 18:26:24','127.0.0.1','删除','权限日志',1994,'角色分配功能',NULL),(428,'1717','admin','2014-12-31 18:26:24','127.0.0.1','删除','权限日志',1995,'角色分配功能',NULL),(429,'1717','admin','2014-12-31 18:26:24','127.0.0.1','删除','权限日志',1996,'角色分配功能',NULL),(430,'1717','admin','2014-12-31 18:26:24','127.0.0.1','删除','权限日志',1997,'角色分配功能',NULL),(431,'1717','admin','2014-12-31 18:26:24','127.0.0.1','删除','权限日志',1998,'角色分配功能',NULL),(432,'1717','admin','2014-12-31 18:26:24','127.0.0.1','删除','权限日志',1999,'角色分配功能',NULL),(433,'1717','admin','2014-12-31 18:26:24','127.0.0.1','删除','权限日志',2000,'角色分配功能',NULL),(434,'1717','admin','2014-12-31 18:26:24','127.0.0.1','删除','权限日志',2002,'角色分配功能',NULL),(435,'1717','admin','2014-12-31 18:26:29','127.0.0.1','删除','权限日志',1951,'角色分配功能',NULL),(436,'1717','admin','2014-12-31 18:26:29','127.0.0.1','删除','权限日志',1952,'角色分配功能',NULL),(437,'1717','admin','2014-12-31 18:26:29','127.0.0.1','删除','权限日志',1953,'角色分配功能',NULL),(438,'1717','admin','2014-12-31 18:26:29','127.0.0.1','删除','权限日志',1954,'角色分配功能',NULL),(439,'1717','admin','2014-12-31 18:26:29','127.0.0.1','删除','权限日志',1955,'角色分配功能',NULL),(440,'1717','admin','2014-12-31 18:26:29','127.0.0.1','删除','权限日志',1956,'角色分配功能',NULL),(441,'1717','admin','2014-12-31 18:26:29','127.0.0.1','删除','权限日志',1957,'角色分配功能',NULL),(442,'1717','admin','2014-12-31 18:26:29','127.0.0.1','删除','权限日志',1958,'角色分配功能',NULL),(443,'1717','admin','2014-12-31 18:26:29','127.0.0.1','删除','权限日志',1959,'角色分配功能',NULL),(444,'1717','admin','2014-12-31 18:26:29','127.0.0.1','删除','权限日志',1960,'角色分配功能',NULL),(445,'1717','admin','2014-12-31 18:26:29','127.0.0.1','删除','权限日志',1961,'角色分配功能',NULL),(446,'1717','admin','2014-12-31 18:26:29','127.0.0.1','删除','权限日志',1962,'角色分配功能',NULL),(447,'1717','admin','2014-12-31 18:26:29','127.0.0.1','删除','权限日志',1963,'角色分配功能',NULL),(448,'1717','admin','2014-12-31 18:26:29','127.0.0.1','删除','权限日志',1964,'角色分配功能',NULL),(449,'1717','admin','2014-12-31 18:26:29','127.0.0.1','删除','权限日志',1965,'角色分配功能',NULL),(450,'1717','admin','2014-12-31 18:26:29','127.0.0.1','删除','权限日志',1966,'角色分配功能',NULL),(451,'1717','admin','2014-12-31 18:26:29','127.0.0.1','删除','权限日志',1967,'角色分配功能',NULL),(452,'1717','admin','2014-12-31 18:26:29','127.0.0.1','删除','权限日志',1968,'角色分配功能',NULL),(453,'1717','admin','2014-12-31 18:26:29','127.0.0.1','删除','权限日志',1969,'角色分配功能',NULL),(454,'1717','admin','2014-12-31 18:26:29','127.0.0.1','删除','权限日志',1970,'角色分配功能',NULL),(455,'1717','admin','2014-12-31 18:26:29','127.0.0.1','删除','权限日志',1971,'角色分配功能',NULL),(456,'1717','admin','2014-12-31 18:26:29','127.0.0.1','删除','权限日志',1972,'角色分配功能',NULL),(457,'1717','admin','2014-12-31 18:26:29','127.0.0.1','删除','权限日志',1973,'角色分配功能',NULL),(458,'1717','admin','2014-12-31 18:26:30','127.0.0.1','删除','权限日志',1974,'角色分配功能',NULL),(459,'1717','admin','2014-12-31 18:26:30','127.0.0.1','删除','权限日志',1975,'角色分配功能',NULL),(460,'1717','admin','2014-12-31 18:26:31','127.0.0.1','删除','权限日志',1859,'角色分配功能',NULL),(461,'1717','admin','2014-12-31 18:26:31','127.0.0.1','删除','权限日志',1860,'角色分配功能',NULL),(462,'1717','admin','2014-12-31 18:26:31','127.0.0.1','删除','权限日志',1861,'角色分配功能',NULL),(463,'1717','admin','2014-12-31 18:26:31','127.0.0.1','删除','权限日志',1862,'角色分配功能',NULL),(464,'1717','admin','2014-12-31 18:26:31','127.0.0.1','删除','权限日志',1863,'角色分配功能',NULL),(465,'1717','admin','2014-12-31 18:26:31','127.0.0.1','删除','权限日志',1864,'角色分配功能',NULL),(466,'1717','admin','2014-12-31 18:26:31','127.0.0.1','删除','权限日志',1865,'角色分配功能',NULL),(467,'1717','admin','2014-12-31 18:26:31','127.0.0.1','删除','权限日志',1866,'角色分配功能',NULL),(468,'1717','admin','2014-12-31 18:26:31','127.0.0.1','删除','权限日志',1867,'角色分配功能',NULL),(469,'1717','admin','2014-12-31 18:26:31','127.0.0.1','删除','权限日志',1868,'角色分配功能',NULL),(470,'1717','admin','2014-12-31 18:26:32','127.0.0.1','删除','权限日志',1869,'角色分配功能',NULL),(471,'1717','admin','2014-12-31 18:26:32','127.0.0.1','删除','权限日志',1870,'角色分配功能',NULL),(472,'1717','admin','2014-12-31 18:26:32','127.0.0.1','删除','权限日志',1871,'角色分配功能',NULL),(473,'1717','admin','2014-12-31 18:26:32','127.0.0.1','删除','权限日志',1872,'角色分配功能',NULL),(474,'1717','admin','2014-12-31 18:26:32','127.0.0.1','删除','权限日志',1922,'角色分配功能',NULL),(475,'1717','admin','2014-12-31 18:26:32','127.0.0.1','删除','权限日志',1923,'角色分配功能',NULL),(476,'1717','admin','2014-12-31 18:26:32','127.0.0.1','删除','权限日志',1924,'角色分配功能',NULL),(477,'1717','admin','2014-12-31 18:26:32','127.0.0.1','删除','权限日志',2001,'角色分配功能',NULL),(478,'1717','admin','2014-12-31 18:26:32','127.0.0.1','删除','权限日志',2003,'角色分配功能',NULL),(479,'1717','admin','2014-12-31 18:26:32','127.0.0.1','删除','权限日志',2004,'角色分配功能',NULL),(480,'1717','admin','2014-12-31 18:26:32','127.0.0.1','删除','权限日志',2005,'角色分配功能',NULL),(481,'1717','admin','2014-12-31 18:26:32','127.0.0.1','删除','权限日志',2006,'角色分配功能',NULL),(482,'1717','admin','2014-12-31 18:26:32','127.0.0.1','删除','权限日志',2007,'角色分配功能',NULL),(483,'1717','admin','2014-12-31 18:26:32','127.0.0.1','删除','权限日志',2008,'角色分配功能',NULL),(484,'1717','admin','2014-12-31 18:26:32','127.0.0.1','删除','权限日志',2009,'角色分配功能',NULL),(485,'1717','admin','2014-12-31 18:26:34','127.0.0.1','删除','权限日志',2010,'角色分配功能',NULL),(486,'1717','admin','2014-12-31 18:26:36','127.0.0.1','增加','权限日志',20,'角色分配功能',NULL),(487,'1717','admin','2014-12-31 18:26:39','127.0.0.1','增加','权限日志',20,'角色分配功能',NULL),(488,'1717','admin','2014-12-31 18:26:41','127.0.0.1','增加','权限日志',20,'角色分配功能',NULL),(489,'1717','admin','2014-12-31 18:36:30','127.0.0.1','修改','操作日志',2,'帐款管理模块-修改金额信息',NULL),(490,'1717','admin','2014-12-31 18:37:07','127.0.0.1','删除','操作日志',4,'帐款管理模块-充值审核',NULL),(491,'1717','admin','2014-12-31 18:37:07','127.0.0.1','删除','操作日志',1,'帐款管理模块-充值审核',NULL),(492,'1717','admin','2014-12-31 18:43:16','127.0.0.1','删除','操作日志',3,'帐款管理模块-充值审核',NULL),(493,'1717','admin','2014-12-31 18:43:16','127.0.0.1','删除','操作日志',4,'帐款管理模块-充值审核',NULL),(494,'1717','admin','2015-01-04 09:43:18','127.0.0.1','登入','操作日志',NULL,'登入模块',NULL),(495,'1717','admin','2015-01-04 09:58:28','127.0.0.1','登入','操作日志',NULL,'登入模块',NULL),(496,'1717','admin','2015-01-04 10:00:44','127.0.0.1','登入','操作日志',NULL,'登入模块',NULL),(497,'1717','admin','2015-01-04 10:03:02','127.0.0.1','登入','操作日志',NULL,'登入模块',NULL),(498,'1717','admin','2015-01-04 10:03:30','127.0.0.1','登入','操作日志',NULL,'登入模块',NULL),(499,'1717','admin','2015-01-04 10:13:24','127.0.0.1','登入','操作日志',NULL,'登入模块',NULL),(500,'1717','admin','2015-01-04 10:26:50','127.0.0.1','登入','操作日志',NULL,'登入模块',NULL),(501,'1717','admin','2015-01-04 10:33:30','127.0.0.1','登入','操作日志',NULL,'登入模块',NULL),(502,'1717','admin','2015-01-04 10:38:48','127.0.0.1','登入','操作日志',NULL,'登入模块',NULL),(503,'1717','admin','2015-01-04 10:49:07','127.0.0.1','登入','操作日志',NULL,'登入模块',NULL),(504,'1717','admin','2015-01-04 10:58:46','127.0.0.1','登入','操作日志',NULL,'登入模块',NULL),(505,'1717','admin','2015-01-04 10:59:53','127.0.0.1','登入','操作日志',NULL,'登入模块',NULL),(506,'1717','admin','2015-01-04 11:25:23','127.0.0.1','登入','操作日志',NULL,'登入模块',NULL),(507,'1717','admin','2015-01-04 11:28:22','127.0.0.1','登入','操作日志',NULL,'登入模块',NULL),(508,'1717','admin','2015-01-04 11:36:06','127.0.0.1','登入','操作日志',NULL,'登入模块',NULL),(509,'1717','admin','2015-01-04 11:36:20','127.0.0.1','登入','操作日志',NULL,'登入模块',NULL),(510,'1717','admin','2015-01-04 11:37:09','127.0.0.1','登入','操作日志',NULL,'登入模块',NULL),(511,'1717','admin','2015-01-04 11:52:24','127.0.0.1','登入','操作日志',NULL,'登入模块',NULL),(512,'1717','admin','2015-01-04 12:00:17','127.0.0.1','登入','操作日志',NULL,'登入模块',NULL),(513,'1717','admin','2015-01-04 12:00:32','127.0.0.1','登入','操作日志',NULL,'登入模块',NULL),(514,'1717','admin','2015-01-04 12:05:23','127.0.0.1','登入','操作日志',NULL,'登入模块',NULL),(515,'1717','admin','2015-01-04 12:06:12','127.0.0.1','登入','操作日志',NULL,'登入模块',NULL),(516,'1717','admin','2015-01-04 12:10:08','127.0.0.1','修改','操作日志',3,'帐款管理模块-修改金额信息',NULL),(517,'1717','admin','2015-01-04 12:12:23','127.0.0.1','登入','操作日志',NULL,'登入模块',NULL),(518,'1717','admin','2015-01-04 12:14:49','127.0.0.1','登入','操作日志',NULL,'登入模块',NULL),(519,'1717','admin','2015-01-04 12:16:12','127.0.0.1','增加','操作日志',9,'帐款管理模块-新增金额明细',NULL),(520,'1717','admin','2015-01-04 12:16:17','127.0.0.1','登入','操作日志',NULL,'登入模块',NULL),(521,'1717','admin','2015-01-04 12:16:24','127.0.0.1','修改','操作日志',9,'帐款管理模块-修改金额信息',NULL),(522,'1717','admin','2015-01-04 12:16:31','127.0.0.1','增加','操作日志',5,'帐款管理模块-新增金额明细',NULL),(523,'1717','admin','2015-01-04 12:16:39','127.0.0.1','删除','操作日志',5,'帐款管理模块-充值审核',NULL),(524,'1717','admin','2015-01-04 12:19:09','127.0.0.1','登入','操作日志',NULL,'登入模块',NULL),(525,'1717','admin','2015-01-04 12:21:44','127.0.0.1','删除','操作日志',5,'帐款管理模块-充值审核',NULL),(526,'1717','admin','2015-01-04 12:21:44','127.0.0.1','删除','操作日志',4,'帐款管理模块-充值审核',NULL),(527,'1717','admin','2015-01-04 12:22:39','127.0.0.1','登入','操作日志',NULL,'登入模块',NULL),(528,'1717','admin','2015-01-04 12:22:47','127.0.0.1','修改','操作日志',5,'帐款管理模块-修改金额信息',NULL),(529,'1717','admin','2015-01-04 12:22:52','127.0.0.1','删除','操作日志',5,'帐款管理模块-充值审核',NULL),(530,'1717','admin','2015-01-04 12:28:44','127.0.0.1','增加','权限日志',1734,'用户管理模块',NULL),(531,'1717','admin','2015-01-04 12:29:43','127.0.0.1','删除','权限日志',1734,'用户管理模块',NULL),(532,'1717','admin','2015-01-04 12:33:15','127.0.0.1','登入','操作日志',NULL,'登入模块',NULL),(533,'1717','admin','2015-01-04 12:34:17','127.0.0.1','登入','操作日志',NULL,'登入模块',NULL),(534,'1717','admin','2015-01-04 12:39:34','127.0.0.1','登入','操作日志',NULL,'登入模块',NULL),(535,'1717','admin','2015-01-04 12:41:54','127.0.0.1','登入','操作日志',NULL,'登入模块',NULL),(536,'1717','admin','2015-01-04 12:42:59','127.0.0.1','登入','操作日志',NULL,'登入模块',NULL),(537,'1717','admin','2015-01-04 12:49:22','127.0.0.1','登入','操作日志',NULL,'登入模块',NULL),(538,'1717','admin','2015-01-04 16:38:26','127.0.0.1','登入','操作日志',NULL,'登入模块',NULL),(539,'1717','admin','2015-01-04 16:38:36','127.0.0.1','增加','操作日志',6,'帐款管理模块-新增金额明细',NULL),(540,'1717','admin','2015-01-04 16:41:39','127.0.0.1','登入','操作日志',NULL,'登入模块',NULL),(541,'1717','admin','2015-01-04 16:46:21','127.0.0.1','登入','操作日志',NULL,'登入模块',NULL),(542,'1717','admin','2015-01-04 17:26:05','127.0.0.1','登入','操作日志',NULL,'登入模块',NULL),(543,'1717','admin','2015-01-04 17:43:01','127.0.0.1','登入','操作日志',NULL,'登入模块',NULL),(544,'1717','admin','2015-01-04 20:20:35','127.0.0.1','登入','操作日志',NULL,'登入模块',NULL),(545,'1717','admin','2015-01-04 20:21:38','127.0.0.1','登入','操作日志',NULL,'登入模块',NULL),(546,'1717','admin','2015-01-04 20:24:56','127.0.0.1','登入','操作日志',NULL,'登入模块',NULL),(547,'1717','admin','2015-01-04 20:35:16','127.0.0.1','登入','操作日志',NULL,'登入模块',NULL),(548,'1717','admin','2015-01-04 20:39:26','127.0.0.1','增加','操作日志',7,'帐款管理模块-新增金额明细',NULL),(549,'1717','admin','2015-01-04 20:39:34','127.0.0.1','修改','操作日志',7,'帐款管理模块-修改金额信息',NULL),(550,'1717','admin','2015-01-04 20:40:55','127.0.0.1','删除','操作日志',6,'帐款管理模块-充值审核',NULL),(551,'1717','admin','2015-01-04 20:40:57','127.0.0.1','删除','操作日志',7,'帐款管理模块-充值审核',NULL),(552,'1717','admin','2015-01-04 20:41:09','127.0.0.1','删除','操作日志',6,'帐款管理模块-充值审核',NULL),(553,'1717','admin','2015-01-04 20:41:09','127.0.0.1','删除','操作日志',7,'帐款管理模块-充值审核',NULL),(554,'1717','admin','2015-01-04 20:41:09','127.0.0.1','删除','操作日志',5,'帐款管理模块-充值审核',NULL),(555,'1717','admin','2015-01-04 20:45:33','127.0.0.1','登入','操作日志',NULL,'登入模块',NULL),(556,'1717','admin','2015-01-04 20:51:11','127.0.0.1','登入','操作日志',NULL,'登入模块',NULL),(557,'1717','admin','2015-01-04 20:53:12','127.0.0.1','增加','操作日志',NULL,'广告主行业管理模块-新增信息',NULL),(558,'1717','admin','2015-01-04 20:53:18','127.0.0.1','删除','操作日志',12,'广告主行业管理模块-删除信息',NULL),(559,'1717','admin','2015-01-04 20:53:27','127.0.0.1','增加','操作日志',NULL,'广告主行业低价管理模块-新增信息',NULL),(560,'1717','admin','2015-01-04 20:58:24','127.0.0.1','登入','操作日志',NULL,'登入模块',NULL),(561,'1717','admin','2015-01-04 21:03:48','127.0.0.1','登入','操作日志',NULL,'登入模块',NULL),(562,'1717','admin','2015-01-04 21:06:12','127.0.0.1','登入','操作日志',NULL,'登入模块',NULL),(563,'1717','admin','2015-01-04 21:08:49','127.0.0.1','登入','操作日志',NULL,'登入模块',NULL),(564,'1717','admin','2015-01-04 21:12:10','127.0.0.1','登入','操作日志',NULL,'登入模块',NULL),(565,'1717','admin','2015-01-04 21:17:34','127.0.0.1','登入','操作日志',NULL,'登入模块',NULL),(566,'1717','admin','2015-01-04 21:26:18','127.0.0.1','登入','操作日志',NULL,'登入模块',NULL),(567,'1717','admin','2015-01-04 21:26:36','127.0.0.1','删除','操作日志',NULL,'广告主行业低价：删除(批量) 8',NULL),(568,'1717','admin','2015-01-04 21:28:25','127.0.0.1','修改','操作日志',7,'行业低价规则审核 ',NULL),(569,'1717','admin','2015-01-04 21:28:25','127.0.0.1','修改','操作日志',6,'行业低价规则审核 ',NULL),(570,'1717','admin','2015-01-04 21:29:18','127.0.0.1','修改','操作日志',7,'行业低价规则审核 ',NULL),(571,'1717','admin','2015-01-05 09:33:26','0:0:0:0:0:0:0:1','登入','操作日志',NULL,'登入模块',NULL),(572,'1717','admin','2015-01-05 09:53:57','127.0.0.1','登入','操作日志',NULL,'登入模块',NULL),(573,'1717','admin','2015-01-05 10:00:20','127.0.0.1','登入','操作日志',NULL,'登入模块',NULL),(574,'1717','admin','2015-01-05 10:14:24','127.0.0.1','增加','操作日志',10,'媒体管理模块',NULL),(575,'1717','admin','2015-01-05 10:14:29','127.0.0.1','增加','操作日志',10,'媒体管理模块',NULL),(576,'1717','admin','2015-01-05 10:14:32','127.0.0.1','增加','操作日志',10,'媒体管理模块',NULL),(577,'1717','admin','2015-01-05 10:14:37','127.0.0.1','删除','操作日志',10,'媒体管理模块',NULL),(578,'1717','admin','2015-01-05 10:16:09','127.0.0.1','审批','操作日志',7,'广告位管理模块',NULL),(579,'1717','admin','2015-01-05 10:16:11','127.0.0.1','审批','操作日志',7,'广告位管理模块',NULL),(580,'1717','admin','2015-01-05 10:17:12','127.0.0.1','登入','操作日志',NULL,'登入模块',NULL),(581,'1717','admin','2015-01-05 10:17:53','127.0.0.1','登入','操作日志',NULL,'登入模块',NULL),(582,'1717','admin','2015-01-05 10:21:54','127.0.0.1','增加','权限日志',1735,'用户管理模块',NULL),(583,'1717','admin','2015-01-05 10:21:58','127.0.0.1','修改','权限日志',1735,'用户管理模块',NULL),(584,'1717','admin','2015-01-05 10:22:02','127.0.0.1','删除','权限日志',1735,'用户管理模块',NULL),(585,'1717','admin','2015-01-05 10:23:00','127.0.0.1','登入','操作日志',NULL,'登入模块',NULL),(586,'1717','admin','2015-01-05 10:26:50','127.0.0.1','登入','操作日志',NULL,'登入模块',NULL),(587,'1717','admin','2015-01-05 10:29:03','127.0.0.1','登入','操作日志',NULL,'登入模块',NULL),(588,'1717','admin','2015-01-05 10:35:48','127.0.0.1','登入','操作日志',NULL,'登入模块',NULL),(589,'1717','admin','2015-01-05 10:39:52','127.0.0.1','登入','操作日志',NULL,'登入模块',NULL),(590,'1717','admin','2015-01-05 10:45:31','127.0.0.1','登入','操作日志',NULL,'登入模块',NULL),(591,'1717','admin','2015-01-05 10:48:23','127.0.0.1','登入','操作日志',NULL,'登入模块',NULL),(592,'1717','admin','2015-01-05 10:49:03','127.0.0.1','登入','操作日志',NULL,'登入模块',NULL),(593,'1717','admin','2015-01-05 10:49:34','127.0.0.1','登入','操作日志',NULL,'登入模块',NULL),(594,'1717','admin','2015-01-05 10:50:30','127.0.0.1','增加','操作日志',6,'DSP管理模块-新增信息',NULL),(595,'1717','admin','2015-01-05 10:50:30','127.0.0.1','增加','操作日志',11,'DSP管理模块-管理机构用户新增信息',NULL),(596,'1717','admin','2015-01-05 10:50:46','127.0.0.1','登入','操作日志',NULL,'登入模块',NULL),(597,'1717','admin','2015-01-05 10:51:58','0:0:0:0:0:0:0:1','登入','操作日志',NULL,'登入模块',NULL),(598,'1717','admin','2015-01-05 10:55:52','127.0.0.1','登入','操作日志',NULL,'登入模块',NULL),(599,'1717','admin','2015-01-05 11:01:24','127.0.0.1','登入','操作日志',NULL,'登入模块',NULL),(600,'1717','admin','2015-01-05 11:03:04','0:0:0:0:0:0:0:1%0','登入','操作日志',NULL,'登入模块',NULL),(601,'1717','admin','2015-01-05 11:03:13','127.0.0.1','登入','操作日志',NULL,'登入模块',NULL),(602,'1717','admin','2015-01-05 11:03:32','127.0.0.1','登入','操作日志',NULL,'登入模块',NULL),(603,'1717','admin','2015-01-05 11:04:42','0:0:0:0:0:0:0:1','登入','操作日志',NULL,'登入模块',NULL),(604,'1717','admin','2015-01-05 11:07:13','127.0.0.1','登入','操作日志',NULL,'登入模块',NULL),(605,'1717','admin','2015-01-05 11:09:09','127.0.0.1','删除','操作日志',6,'DSP管理模块-删除信息',NULL),(606,'1717','admin','2015-01-05 11:09:09','127.0.0.1','修改','操作日志',6,'DSP管理模块-删除管理机构用户信息',NULL),(607,'1717','admin','2015-01-05 11:09:11','127.0.0.1','删除','操作日志',5,'DSP管理模块-删除信息',NULL),(608,'1717','admin','2015-01-05 11:09:11','127.0.0.1','修改','操作日志',5,'DSP管理模块-删除管理机构用户信息',NULL),(609,'1717','admin','2015-01-05 11:11:44','127.0.0.1','增加','操作日志',7,'DSP管理模块-新增信息',NULL),(610,'1717','admin','2015-01-05 11:11:44','127.0.0.1','增加','操作日志',12,'DSP管理模块-管理机构用户新增信息',NULL),(611,'1717','admin','2015-01-05 11:11:51','127.0.0.1','登入','操作日志',NULL,'登入模块',NULL),(612,'1717','admin','2015-01-05 11:12:36','127.0.0.1','登入','操作日志',NULL,'登入模块',NULL),(613,'1717','admin','2015-01-05 11:16:08','127.0.0.1','登入','操作日志',NULL,'登入模块',NULL),(614,'1717','admin','2015-01-05 11:17:32','127.0.0.1','登入','操作日志',NULL,'登入模块',NULL),(615,'1717','admin','2015-01-05 11:18:17','127.0.0.1','登入','操作日志',NULL,'登入模块',NULL),(616,'1717','admin','2015-01-05 11:20:31','127.0.0.1','登入','操作日志',NULL,'登入模块',NULL),(617,'1717','admin','2015-01-05 11:21:20','127.0.0.1','登入','操作日志',NULL,'登入模块',NULL),(618,'1717','admin','2015-01-05 11:24:35','127.0.0.1','登入','操作日志',NULL,'登入模块',NULL),(619,'1717','admin','2015-01-05 11:25:26','127.0.0.1','登入','操作日志',NULL,'登入模块',NULL),(620,'1717','admin','2015-01-05 11:27:49','127.0.0.1','登入','操作日志',NULL,'登入模块',NULL),(621,'1717','admin','2015-01-05 11:36:04','127.0.0.1','登入','操作日志',NULL,'登入模块',NULL),(622,'1717','admin','2015-01-05 11:38:13','127.0.0.1','增加','权限日志',20,'角色管理模块-配置菜单',NULL),(623,'1717','admin','2015-01-05 11:38:26','127.0.0.1','登入','操作日志',NULL,'登入模块',NULL),(624,'1717','admin','2015-01-05 11:41:06','0:0:0:0:0:0:0:1','登入','操作日志',NULL,'登入模块',NULL),(625,'1717','admin','2015-01-05 11:44:33','127.0.0.1','修改','操作日志',7,'DSP管理模块-修改信息',NULL),(626,'1717','admin','2015-01-05 11:44:33','127.0.0.1','增加','操作日志',13,'DSP管理模块-管理机构用户新增信息',NULL),(627,'1717','admin','2015-01-05 11:44:38','127.0.0.1','登入','操作日志',NULL,'登入模块',NULL),(628,'1717','admin','2015-01-05 11:47:07','127.0.0.1','修改','操作日志',7,'DSP管理模块-修改状态信息',NULL),(629,'1717','admin','2015-01-05 11:47:22','127.0.0.1','修改','操作日志',7,'DSP管理模块-修改状态信息',NULL),(630,'1717','admin','2015-01-05 11:48:01','127.0.0.1','修改','操作日志',7,'DSP管理模块-修改状态信息',NULL),(631,'1717','admin','2015-01-05 11:50:32','0:0:0:0:0:0:0:1%0','登入','操作日志',NULL,'登入模块',NULL),(632,'1717','admin','2015-01-05 11:50:32','0:0:0:0:0:0:0:1','登入','操作日志',NULL,'登入模块',NULL),(633,'1717','admin','2015-01-05 11:51:14','127.0.0.1','登入','操作日志',NULL,'登入模块',NULL),(634,'1717','admin','2015-01-05 12:09:48','127.0.0.1','登入','操作日志',NULL,'登入模块',NULL),(635,'1717','admin','2015-01-05 12:09:55','127.0.0.1','登入','操作日志',NULL,'登入模块',NULL),(636,'1717','admin','2015-01-05 12:15:53','127.0.0.1','登入','操作日志',NULL,'登入模块',NULL),(637,'1717','admin','2015-01-05 12:17:34','127.0.0.1','登入','操作日志',NULL,'登入模块',NULL),(638,'1717','admin','2015-01-05 12:18:58','127.0.0.1','登入','操作日志',NULL,'登入模块',NULL),(639,'1717','admin','2015-01-05 12:21:24','127.0.0.1','登入','操作日志',NULL,'登入模块',NULL),(640,'1717','admin','2015-01-05 12:22:15','127.0.0.1','登入','操作日志',NULL,'登入模块',NULL),(641,'1717','admin','2015-01-05 12:24:09','127.0.0.1','登入','操作日志',NULL,'登入模块',NULL),(642,'1717','admin','2015-01-05 12:26:26','127.0.0.1','登入','操作日志',NULL,'登入模块',NULL),(643,'1717','admin','2015-01-05 12:29:38','127.0.0.1','登入','操作日志',NULL,'登入模块',NULL),(644,'1717','admin','2015-01-05 12:31:04','127.0.0.1','登入','操作日志',NULL,'登入模块',NULL),(645,'1717','admin','2015-01-05 12:33:21','127.0.0.1','登入','操作日志',NULL,'登入模块',NULL),(646,'1717','admin','2015-01-05 12:34:30','127.0.0.1','登入','操作日志',NULL,'登入模块',NULL),(647,'1717','admin','2015-01-05 12:36:42','127.0.0.1','登入','操作日志',NULL,'登入模块',NULL),(648,'1717','admin','2015-01-05 12:39:15','127.0.0.1','登入','操作日志',NULL,'登入模块',NULL),(649,'1717','admin','2015-01-05 12:39:49','127.0.0.1','修改','操作日志',7,'DSP管理模块-修改状态信息',NULL),(650,'1717','admin','2015-01-05 12:44:34','127.0.0.1','修改','操作日志',7,'DSP管理模块-修改状态信息',NULL),(651,'1717','admin','2015-01-05 12:47:06','127.0.0.1','增加','权限日志',20,'角色管理模块-配置菜单',NULL),(652,'1717','admin','2015-01-05 12:47:18','127.0.0.1','登入','操作日志',NULL,'登入模块',NULL),(653,'1717','admin','2015-01-05 12:52:30','127.0.0.1','登入','操作日志',NULL,'登入模块',NULL),(654,'1717','admin','2015-01-05 12:59:01','127.0.0.1','登入','操作日志',NULL,'登入模块',NULL),(655,'1717','admin','2015-01-05 13:00:57','127.0.0.1','登入','操作日志',NULL,'登入模块',NULL),(656,'1717','admin','2015-01-05 13:03:51','127.0.0.1','登入','操作日志',NULL,'登入模块',NULL),(657,'1717','admin','2015-01-05 13:44:01','0:0:0:0:0:0:0:1%0','登入','操作日志',NULL,'登入模块',NULL),(658,'1717','admin','2015-01-05 13:47:11','127.0.0.1','登入','操作日志',NULL,'登入模块',NULL),(659,'1717','admin','2015-01-05 13:48:57','127.0.0.1','增加','权限日志',134,'功能权限',NULL),(660,'1717','admin','2015-01-05 13:49:11','127.0.0.1','增加','权限日志',135,'功能权限',NULL),(661,'1717','admin','2015-01-05 13:49:22','127.0.0.1','增加','权限日志',20,'角色分配功能',NULL),(662,'1717','admin','2015-01-05 13:49:29','127.0.0.1','登入','操作日志',NULL,'登入模块',NULL),(663,'1717','admin','2015-01-05 13:49:44','127.0.0.1','删除','操作日志',5,'帐款管理模块-充值删除',NULL),(664,'1717','admin','2015-01-05 13:51:52','0:0:0:0:0:0:0:1%0','登入','操作日志',NULL,'登入模块',NULL),(665,'1717','admin','2015-01-05 13:55:32','127.0.0.1','删除','操作日志',9,'帐款管理模块-回款删除',NULL),(666,'1717','admin','2015-01-05 13:59:49','127.0.0.1','登入','操作日志',NULL,'登入模块',NULL),(667,'1717','admin','2015-01-05 14:03:33','127.0.0.1','登入','操作日志',NULL,'登入模块',NULL),(668,'1717','admin','2015-01-05 14:03:55','127.0.0.1','修改','操作日志',6,'帐款管理模块-修改金额信息',NULL),(669,'1717','admin','2015-01-05 14:40:54','127.0.0.1','登入','操作日志',NULL,'登入模块',NULL),(670,'1717','admin','2015-01-05 14:45:00','127.0.0.1','登入','操作日志',NULL,'登入模块',NULL),(671,'1717','admin','2015-01-05 14:45:50','127.0.0.1','登入','操作日志',NULL,'登入模块',NULL),(672,'1717','admin','2015-01-05 14:46:13','127.0.0.1','审批','操作日志',7,'广告位管理模块',NULL),(673,'1717','admin','2015-01-05 15:01:07','127.0.0.1','登入','操作日志',NULL,'登入模块',NULL),(674,'1717','admin','2015-01-05 15:01:15','127.0.0.1','登入','操作日志',NULL,'登入模块',NULL),(675,'1717','admin','2015-01-05 15:03:02','0:0:0:0:0:0:0:1%0','登入','操作日志',NULL,'登入模块',NULL),(676,'1717','admin','2015-01-05 15:03:53','127.0.0.1','登入','操作日志',NULL,'登入模块',NULL),(677,'1717','admin','2015-01-05 15:07:53','0:0:0:0:0:0:0:1%0','登入','操作日志',NULL,'登入模块',NULL),(678,'1717','admin','2015-01-05 15:08:35','0:0:0:0:0:0:0:1%0','登入','操作日志',NULL,'登入模块',NULL),(679,'1717','admin','2015-01-05 15:23:36','0:0:0:0:0:0:0:1','登入','操作日志',NULL,'登入模块',NULL),(680,'1717','admin','2015-01-05 15:54:24','127.0.0.1','登入','操作日志',NULL,'登入模块',NULL),(681,'1717','admin','2015-01-05 15:57:05','127.0.0.1','登入','操作日志',NULL,'登入模块',NULL),(682,'1717','admin','2015-01-05 16:04:16','127.0.0.1','登入','操作日志',NULL,'登入模块',NULL),(683,'1717','admin','2015-01-05 16:04:42','127.0.0.1','登入','操作日志',NULL,'登入模块',NULL),(684,'1717','admin','2015-01-05 16:04:51','127.0.0.1','登入','操作日志',NULL,'登入模块',NULL),(685,'1717','admin','2015-01-05 16:13:08','127.0.0.1','登入','操作日志',NULL,'登入模块',NULL),(686,'1717','admin','2015-01-05 16:15:35','127.0.0.1','登入','操作日志',NULL,'登入模块',NULL),(687,'1717','admin','2015-01-05 16:24:02','127.0.0.1','登入','操作日志',NULL,'登入模块',NULL),(688,'1717','admin','2015-01-05 16:24:33','127.0.0.1','删除','操作日志',7,'帐款管理模块-充值审核',NULL),(689,'1717','admin','2015-01-05 16:24:33','127.0.0.1','删除','操作日志',6,'帐款管理模块-充值审核',NULL),(690,'1717','admin','2015-01-05 16:26:10','127.0.0.1','修改','操作日志',3,'帐款管理模块-修改金额信息',NULL),(691,'1717','admin','2015-01-05 16:26:18','127.0.0.1','删除','操作日志',2,'帐款管理模块-回款删除',NULL),(692,'1717','admin','2015-01-05 16:26:26','127.0.0.1','删除','操作日志',4,'帐款管理模块-充值删除',NULL),(693,'1717','admin','2015-01-05 16:26:27','127.0.0.1','删除','操作日志',3,'帐款管理模块-充值删除',NULL),(694,'1717','admin','2015-01-05 16:33:37','127.0.0.1','登入','操作日志',NULL,'登入模块',NULL),(695,'1717','admin','2015-01-05 16:38:47','127.0.0.1','登入','操作日志',NULL,'登入模块',NULL),(696,'1717','admin','2015-01-05 16:39:25','127.0.0.1','修改','权限日志',44,'功能权限',NULL),(697,'1717','admin','2015-01-05 16:40:15','127.0.0.1','登入','操作日志',NULL,'登入模块',NULL),(698,'1717','admin','2015-01-05 16:43:35','127.0.0.1','登入','操作日志',NULL,'登入模块',NULL),(699,'1717','admin','2015-01-05 16:48:40','127.0.0.1','登入','操作日志',NULL,'登入模块',NULL),(700,'1717','admin','2015-01-05 16:52:54','127.0.0.1','登入','操作日志',NULL,'登入模块',NULL),(701,'1717','admin','2015-01-05 17:00:18','127.0.0.1','登入','操作日志',NULL,'登入模块',NULL),(702,'1717','admin','2015-01-05 17:09:33','127.0.0.1','登入','操作日志',NULL,'登入模块',NULL),(703,'1717','admin','2015-01-05 17:10:27','0:0:0:0:0:0:0:1','登入','操作日志',NULL,'登入模块',NULL),(704,'1717','admin','2015-01-05 17:31:14','127.0.0.1','登入','操作日志',NULL,'登入模块',NULL),(705,'1717','admin','2015-01-05 17:31:49','127.0.0.1','审批','操作日志',8,'广告位管理模块',NULL),(706,'1717','admin','2015-01-05 17:32:00','127.0.0.1','审批','操作日志',8,'广告位管理模块',NULL),(707,'1717','admin','2015-01-05 17:33:53','0:0:0:0:0:0:0:1','登入','操作日志',NULL,'登入模块',NULL),(708,'1717','admin','2015-01-05 17:58:47','0:0:0:0:0:0:0:1','登入','操作日志',NULL,'登入模块',NULL),(709,'1717','admin','2015-01-05 18:02:50','0:0:0:0:0:0:0:1','增加','操作日志',3,'广告主管理模块-修改信息',NULL),(710,'1717','admin','2015-01-05 18:09:24','0:0:0:0:0:0:0:1','增加','操作日志',2,'广告主管理模块-修改信息',NULL),(711,'1717','admin','2015-01-05 18:13:04','0:0:0:0:0:0:0:1','登入','操作日志',NULL,'登入模块',NULL),(712,'1717','admin','2015-01-05 18:14:05','0:0:0:0:0:0:0:1','增加','操作日志',NULL,'广告主行业管理模块-新增信息',NULL),(713,'1717','admin','2015-01-05 18:14:08','0:0:0:0:0:0:0:1','增加','操作日志',NULL,'广告主行业管理模块-新增信息',NULL),(714,'1717','admin','2015-01-05 18:14:10','0:0:0:0:0:0:0:1','增加','操作日志',NULL,'广告主行业管理模块-新增信息',NULL),(715,'1717','admin','2015-01-05 18:14:13','0:0:0:0:0:0:0:1','增加','操作日志',NULL,'广告主行业管理模块-新增信息',NULL),(716,'1717','admin','2015-01-05 18:14:16','0:0:0:0:0:0:0:1','增加','操作日志',NULL,'广告主行业管理模块-新增信息',NULL),(717,'1717','admin','2015-01-05 18:14:19','0:0:0:0:0:0:0:1','增加','操作日志',NULL,'广告主行业管理模块-新增信息',NULL),(718,'1717','admin','2015-01-05 18:14:22','0:0:0:0:0:0:0:1','增加','操作日志',NULL,'广告主行业管理模块-新增信息',NULL),(719,'1717','admin','2015-01-05 18:14:25','0:0:0:0:0:0:0:1','增加','操作日志',NULL,'广告主行业管理模块-新增信息',NULL),(720,'1717','admin','2015-01-05 18:14:33','0:0:0:0:0:0:0:1','增加','操作日志',NULL,'广告主行业管理模块-新增信息',NULL),(721,'1717','admin','2015-01-05 18:14:37','0:0:0:0:0:0:0:1','增加','操作日志',NULL,'广告主行业管理模块-新增信息',NULL),(722,'1717','admin','2015-01-05 18:32:37','127.0.0.1','登入','操作日志',NULL,'登入模块',NULL),(723,'1717','admin','2015-01-05 18:35:41','127.0.0.1','审批','操作日志',6,'广告位管理模块',NULL),(724,'1717','admin','2015-01-05 18:55:45','127.0.0.1','审批','操作日志',8,'广告位管理模块',NULL),(725,'1717','admin','2015-01-05 18:57:12','127.0.0.1','审批','操作日志',8,'广告位管理模块',NULL),(726,'1717','admin','2015-01-05 18:57:16','127.0.0.1','审批','操作日志',8,'广告位管理模块',NULL),(727,'1717','admin','2015-01-05 18:59:20','0:0:0:0:0:0:0:1','删除','操作日志',20,'广告主行业管理模块-删除信息',NULL),(728,'1717','admin','2015-01-05 19:01:23','127.0.0.1','增加','操作日志',9,'广告位管理模块',NULL),(729,'1717','admin','2015-01-05 19:02:08','127.0.0.1','审批','操作日志',9,'广告位管理模块',NULL),(730,'1717','admin','2015-01-05 19:02:32','127.0.0.1','修改','操作日志',9,'广告位管理模块',NULL),(731,'1717','admin','2015-01-05 19:02:55','127.0.0.1','审批','操作日志',9,'广告位管理模块',NULL),(732,'1717','admin','2015-01-05 19:03:48','127.0.0.1','审批','操作日志',9,'广告位管理模块',NULL),(733,'1717','admin','2015-01-05 19:36:49','127.0.0.1','审批','操作日志',7,'广告位管理模块',NULL),(734,'1717','admin','2015-01-05 19:38:19','127.0.0.1','增加','操作日志',10,'广告位管理模块',NULL),(735,'1717','admin','2015-01-05 19:38:36','127.0.0.1','审批','操作日志',10,'广告位管理模块',NULL),(736,'1717','admin','2015-01-05 19:40:54','127.0.0.1','增加','操作日志',11,'广告位管理模块',NULL),(737,'1717','admin','2015-01-05 19:41:02','127.0.0.1','审批','操作日志',11,'广告位管理模块',NULL),(738,'1717','admin','2015-01-05 19:41:28','127.0.0.1','审批','操作日志',11,'广告位管理模块',NULL),(739,'1717','admin','2015-01-05 19:42:11','127.0.0.1','审批','操作日志',11,'广告位管理模块',NULL),(740,'1717','admin','2015-01-05 19:44:09','127.0.0.1','审批','操作日志',11,'广告位管理模块',NULL),(741,'1717','admin','2015-01-05 19:44:30','127.0.0.1','审批','操作日志',11,'广告位管理模块',NULL),(742,'1717','admin','2015-01-05 19:44:50','127.0.0.1','审批','操作日志',11,'广告位管理模块',NULL),(743,'1717','admin','2015-01-05 19:45:36','127.0.0.1','修改','操作日志',11,'广告位管理模块',NULL),(744,'1717','admin','2015-01-05 19:45:57','127.0.0.1','审批','操作日志',11,'广告位管理模块',NULL),(745,'1717','admin','2015-01-05 19:46:31','127.0.0.1','审批','操作日志',11,'广告位管理模块',NULL),(746,'1717','admin','2015-01-05 19:51:21','127.0.0.1','登入','操作日志',NULL,'登入模块',NULL),(747,'1717','admin','2015-01-05 19:51:53','127.0.0.1','删除','操作日志',8,'广告位管理模块',NULL),(748,'1717','admin','2015-01-05 19:51:56','127.0.0.1','删除','操作日志',11,'广告位管理模块',NULL),(749,'1717','admin','2015-01-05 19:51:59','127.0.0.1','删除','操作日志',9,'广告位管理模块',NULL),(750,'1717','admin','2015-01-05 19:52:02','127.0.0.1','删除','操作日志',10,'广告位管理模块',NULL),(751,'1717','admin','2015-01-05 19:52:57','127.0.0.1','增加','操作日志',12,'广告位管理模块',NULL),(752,'1717','admin','2015-01-05 19:59:54','127.0.0.1','登入','操作日志',NULL,'登入模块',NULL),(753,'1717','admin','2015-01-05 20:00:16','127.0.0.1','增加','操作日志',13,'广告位管理模块',NULL),(754,'1717','admin','2015-01-05 20:00:25','127.0.0.1','审批','操作日志',13,'广告位管理模块',NULL),(755,'1717','admin','2015-01-05 20:01:23','127.0.0.1','审批','操作日志',13,'广告位管理模块',NULL),(756,'1717','admin','2015-01-05 20:02:27','127.0.0.1','审批','操作日志',13,'广告位管理模块',NULL),(757,'1717','admin','2015-01-05 20:03:04','127.0.0.1','审批','操作日志',13,'广告位管理模块',NULL),(758,'1717','admin','2015-01-05 20:04:08','127.0.0.1','审批','操作日志',13,'广告位管理模块',NULL),(759,'1717','admin','2015-01-05 20:04:35','127.0.0.1','审批','操作日志',13,'广告位管理模块',NULL),(760,'1717','admin','2015-01-05 20:06:10','127.0.0.1','修改','操作日志',13,'广告位管理模块',NULL),(761,'1717','admin','2015-01-05 20:06:25','127.0.0.1','审批','操作日志',13,'广告位管理模块',NULL),(762,'1717','admin','2015-01-05 20:06:49','127.0.0.1','审批','操作日志',13,'广告位管理模块',NULL),(763,'1717','admin','2015-01-05 21:59:52','127.0.0.1','登入','操作日志',NULL,'登入模块',NULL),(764,'1717','admin','2015-01-05 22:14:29','127.0.0.1','增加','权限日志',136,'功能权限',NULL),(765,'1717','admin','2015-01-05 22:14:42','127.0.0.1','增加','权限日志',20,'角色分配功能',NULL),(766,'1717','admin','2015-01-05 22:43:35','127.0.0.1','登入','操作日志',NULL,'登入模块',NULL),(767,'1717','admin','2015-01-05 23:25:47','127.0.0.1','删除','操作日志',12,'广告位管理模块',NULL),(768,'1717','admin','2015-01-05 23:25:50','127.0.0.1','删除','操作日志',13,'广告位管理模块',NULL),(769,'1717','admin','2015-01-05 23:25:53','127.0.0.1','删除','操作日志',6,'广告位管理模块',NULL),(770,'1717','admin','2015-01-05 23:57:49','127.0.0.1','增加','操作日志',14,'广告位管理模块',NULL),(771,'1717','admin','2015-01-06 00:08:47','127.0.0.1','增加','操作日志',15,'广告位管理模块',NULL),(772,'1717','admin','2015-01-06 10:07:56','127.0.0.1','登入','操作日志',NULL,'登入模块',NULL),(773,'1717','admin','2015-01-06 10:17:55','127.0.0.1','登入','操作日志',NULL,'登入模块',NULL),(774,'1717','admin','2015-01-06 10:18:29','127.0.0.1','增加','操作日志',4,'网站管理模块',NULL),(775,'1717','admin','2015-01-06 10:18:52','127.0.0.1','增加','操作日志',16,'广告位管理模块',NULL),(776,'1717','admin','2015-01-06 10:44:59','127.0.0.1','登入','操作日志',NULL,'登入模块',NULL),(777,'1717','admin','2015-01-06 11:16:33','127.0.0.1','登入','操作日志',NULL,'登入模块',NULL),(778,'1717','admin','2015-01-06 11:29:14','0:0:0:0:0:0:0:1','登入','操作日志',NULL,'登入模块',NULL),(779,'1717','admin','2015-01-06 11:31:01','0:0:0:0:0:0:0:1','登入','操作日志',NULL,'登入模块',NULL),(780,'1717','admin','2015-01-06 11:31:16','0:0:0:0:0:0:0:1','登入','操作日志',NULL,'登入模块',NULL),(781,'1717','admin','2015-01-06 11:38:36','0:0:0:0:0:0:0:1','登入','操作日志',NULL,'登入模块',NULL),(782,'1717','admin','2015-01-06 11:40:25','0:0:0:0:0:0:0:1','登入','操作日志',NULL,'登入模块',NULL),(783,'1717','admin','2015-01-06 11:44:14','0:0:0:0:0:0:0:1','登入','操作日志',NULL,'登入模块',NULL),(784,'1717','admin','2015-01-06 11:53:21','0:0:0:0:0:0:0:1','登入','操作日志',NULL,'登入模块',NULL),(785,'1717','admin','2015-01-06 12:12:06','0:0:0:0:0:0:0:1','登入','操作日志',NULL,'登入模块',NULL),(786,'1717','admin','2015-01-06 14:33:28','0:0:0:0:0:0:0:1','登入','操作日志',NULL,'登入模块',NULL),(787,'1717','admin','2015-01-06 14:35:55','0:0:0:0:0:0:0:1','登入','操作日志',NULL,'登入模块',NULL),(788,'1717','admin','2015-01-06 14:37:52','0:0:0:0:0:0:0:1','登入','操作日志',NULL,'登入模块',NULL),(789,'1717','admin','2015-01-06 15:01:13','0:0:0:0:0:0:0:1','登入','操作日志',NULL,'登入模块',NULL),(790,'1717','admin','2015-01-06 15:08:11','0:0:0:0:0:0:0:1','登入','操作日志',NULL,'登入模块',NULL),(791,'1717','admin','2015-01-06 15:09:40','0:0:0:0:0:0:0:1','修改','操作日志',9,'广告主行业低价管理模块-修改信息',NULL),(792,'1717','admin','2015-01-06 15:11:58','0:0:0:0:0:0:0:1','登入','操作日志',NULL,'登入模块',NULL),(793,'1717','admin','2015-01-06 15:14:01','127.0.0.1','登入','操作日志',NULL,'登入模块',NULL),(794,'1717','admin','2015-01-06 15:23:17','0:0:0:0:0:0:0:1','登入','操作日志',NULL,'登入模块',NULL),(795,'1717','admin','2015-01-06 15:34:48','0:0:0:0:0:0:0:1','登入','操作日志',NULL,'登入模块',NULL),(796,'1717','admin','2015-01-06 15:38:45','0:0:0:0:0:0:0:1','登入','操作日志',NULL,'登入模块',NULL),(797,'1717','admin','2015-01-06 15:40:06','127.0.0.1','登入','操作日志',NULL,'登入模块',NULL),(798,'1717','admin','2015-01-06 15:44:42','0:0:0:0:0:0:0:1','登入','操作日志',NULL,'登入模块',NULL),(799,'1717','admin','2015-01-06 15:47:25','127.0.0.1','登入','操作日志',NULL,'登入模块',NULL),(800,'1717','admin','2015-01-06 15:47:53','127.0.0.1','删除','操作日志',8,'媒体管理模块',NULL),(801,'1717','admin','2015-01-06 15:49:12','127.0.0.1','删除','操作日志',6,'媒体管理模块',NULL),(802,'1717','admin','2015-01-06 15:52:29','0:0:0:0:0:0:0:1','登入','操作日志',NULL,'登入模块',NULL),(803,'1717','admin','2015-01-06 15:53:46','0:0:0:0:0:0:0:1','登入','操作日志',NULL,'登入模块',NULL),(804,'1717','admin','2015-01-06 15:58:29','0:0:0:0:0:0:0:1','登入','操作日志',NULL,'登入模块',NULL),(805,'1717','admin','2015-01-06 15:58:55','0:0:0:0:0:0:0:1','登入','操作日志',NULL,'登入模块',NULL),(806,'1717','admin','2015-01-06 16:02:17','127.0.0.1','登入','操作日志',NULL,'登入模块',NULL),(807,'1717','admin','2015-01-06 16:02:17','0:0:0:0:0:0:0:1','登入','操作日志',NULL,'登入模块',NULL),(808,'1717','admin','2015-01-06 16:21:28','127.0.0.1','登入','操作日志',NULL,'登入模块',NULL),(809,'1717','admin','2015-01-06 16:24:46','127.0.0.1','登入','操作日志',NULL,'登入模块',NULL),(810,'1717','admin','2015-01-06 16:27:12','127.0.0.1','登入','操作日志',NULL,'登入模块',NULL),(811,'1717','admin','2015-01-06 16:27:24','127.0.0.1','审批','操作日志',14,'广告位管理模块',NULL),(812,'1717','admin','2015-01-06 16:45:51','127.0.0.1','登入','操作日志',NULL,'登入模块',NULL),(813,'1717','admin','2015-01-06 16:56:55','0:0:0:0:0:0:0:1','修改','操作日志',7,'DSP管理模块-修改状态信息',NULL),(814,'1717','admin','2015-01-06 16:59:04','0:0:0:0:0:0:0:1','修改','操作日志',7,'DSP管理模块-修改状态信息',NULL),(815,'1717','admin','2015-01-06 16:59:17','0:0:0:0:0:0:0:1','修改','操作日志',7,'DSP管理模块-修改状态信息',NULL),(816,'1717','admin','2015-01-06 17:03:30','0:0:0:0:0:0:0:1','登入','操作日志',NULL,'登入模块',NULL),(817,'1717','admin','2015-01-06 17:05:52','0:0:0:0:0:0:0:1','修改','操作日志',7,'DSP管理模块-修改状态信息',NULL),(818,'1717','admin','2015-01-06 17:06:53','127.0.0.1','登入','操作日志',NULL,'登入模块',NULL),(819,'1717','admin','2015-01-06 17:06:55','0:0:0:0:0:0:0:1','修改','操作日志',7,'DSP管理模块-修改状态信息',NULL),(820,'1717','admin','2015-01-06 17:07:00','0:0:0:0:0:0:0:1','修改','操作日志',7,'DSP管理模块-修改状态信息',NULL),(821,'1717','admin','2015-01-06 17:11:20','0:0:0:0:0:0:0:1','修改','操作日志',7,'DSP管理模块-修改状态信息',NULL),(822,'1717','admin','2015-01-06 17:13:10','0:0:0:0:0:0:0:1','增加','操作日志',NULL,'广告主行业低价管理模块-新增信息',NULL),(823,'1717','admin','2015-01-06 17:31:13','127.0.0.1','登入','操作日志',NULL,'登入模块',NULL),(824,'1717','admin','2015-01-06 17:35:00','0:0:0:0:0:0:0:1','登入','操作日志',NULL,'登入模块',NULL),(825,'1717','admin','2015-01-06 17:35:27','0:0:0:0:0:0:0:1','删除','操作日志',22,'广告主行业管理模块-删除信息',NULL),(826,'1717','admin','2015-01-06 17:35:52','0:0:0:0:0:0:0:1','删除','操作日志',21,'广告主行业管理模块-删除信息',NULL),(827,'1717','admin','2015-01-06 17:35:57','0:0:0:0:0:0:0:1','删除','操作日志',19,'广告主行业管理模块-删除信息',NULL),(828,'1717','admin','2015-01-06 17:35:59','0:0:0:0:0:0:0:1','删除','操作日志',18,'广告主行业管理模块-删除信息',NULL),(829,'1717','admin','2015-01-06 17:35:59','0:0:0:0:0:0:0:1','删除','操作日志',21,'广告主行业管理模块-删除信息',NULL),(830,'1717','admin','2015-01-06 17:36:01','0:0:0:0:0:0:0:1','删除','操作日志',17,'广告主行业管理模块-删除信息',NULL),(831,'1717','admin','2015-01-06 17:36:07','0:0:0:0:0:0:0:1','删除','操作日志',13,'广告主行业管理模块-删除信息',NULL),(832,'1717','admin','2015-01-06 17:36:10','0:0:0:0:0:0:0:1','删除','操作日志',14,'广告主行业管理模块-删除信息',NULL),(833,'1717','admin','2015-01-06 17:36:12','0:0:0:0:0:0:0:1','删除','操作日志',15,'广告主行业管理模块-删除信息',NULL),(834,'1717','admin','2015-01-06 17:36:15','0:0:0:0:0:0:0:1','删除','操作日志',16,'广告主行业管理模块-删除信息',NULL),(835,'1717','admin','2015-01-06 17:37:38','127.0.0.1','登入','操作日志',NULL,'登入模块',NULL),(836,'1717','admin','2015-01-06 17:40:30','0:0:0:0:0:0:0:1','增加','操作日志',NULL,'广告主行业管理模块-新增信息',NULL),(837,'1717','admin','2015-01-06 17:41:28','0:0:0:0:0:0:0:1','登入','操作日志',NULL,'登入模块',NULL),(838,'1717','admin','2015-01-06 17:41:40','0:0:0:0:0:0:0:1','增加','操作日志',NULL,'广告主行业管理模块-新增信息',NULL),(839,'1717','admin','2015-01-06 17:42:31','127.0.0.1','增加','操作日志',17,'广告位管理模块',NULL),(840,'1717','admin','2015-01-06 17:42:54','0:0:0:0:0:0:0:1','删除','操作日志',23,'广告主行业管理模块-删除信息',NULL),(841,'1717','admin','2015-01-06 18:00:37','127.0.0.1','增加','操作日志',18,'广告位管理模块',NULL),(842,'1717','admin','2015-01-06 18:01:00','127.0.0.1','增加','操作日志',11,'媒体管理模块',NULL),(843,'1717','admin','2015-01-06 18:01:28','127.0.0.1','增加','操作日志',5,'网站管理模块',NULL),(844,'1717','admin','2015-01-06 18:02:22','127.0.0.1','增加','操作日志',19,'广告位管理模块',NULL),(845,'1717','admin','2015-01-06 18:05:20','0:0:0:0:0:0:0:1','登入','操作日志',NULL,'登入模块',NULL),(846,'1717','admin','2015-01-06 18:08:06','0:0:0:0:0:0:0:1','登入','操作日志',NULL,'登入模块',NULL),(847,'1717','admin','2015-01-06 18:09:21','127.0.0.1','修改','操作日志',7,'广告位管理模块',NULL),(848,'1717','admin','2015-01-06 18:11:18','127.0.0.1','增加','操作日志',20,'广告位管理模块',NULL),(849,'1717','admin','2015-01-06 18:12:03','127.0.0.1','增加','操作日志',21,'广告位管理模块',NULL),(850,'1717','admin','2015-01-06 18:12:28','127.0.0.1','增加','操作日志',22,'广告位管理模块',NULL),(851,'1717','admin','2015-01-06 18:12:57','127.0.0.1','增加','操作日志',23,'广告位管理模块',NULL),(852,'1717','admin','2015-01-06 18:16:13','0:0:0:0:0:0:0:1','删除','操作日志',NULL,'广告主行业低价：删除(批量) 10',NULL),(853,'1717','admin','2015-01-06 18:16:47','0:0:0:0:0:0:0:1','增加','操作日志',NULL,'广告主行业低价管理模块-新增信息',NULL),(854,'1717','admin','2015-01-06 18:17:02','0:0:0:0:0:0:0:1','修改','操作日志',11,'行业低价规则审核 ',NULL),(855,'1717','admin','2015-01-06 18:17:46','0:0:0:0:0:0:0:1','增加','操作日志',11,'广告主行业低价管理模块-新增中间信息',NULL),(856,'1717','admin','2015-01-06 18:24:55','127.0.0.1','审批','操作日志',18,'广告位管理模块',NULL),(857,'1717','admin','2015-01-06 18:40:24','127.0.0.1','审批','操作日志',7,'广告位管理模块',NULL),(858,'1717','admin','2015-01-06 18:40:29','127.0.0.1','审批','操作日志',7,'广告位管理模块',NULL),(859,'1717','admin','2015-01-06 18:58:00','0:0:0:0:0:0:0:1','登入','操作日志',NULL,'登入模块',NULL),(860,'1717','admin','2015-01-06 18:58:09','0:0:0:0:0:0:0:1','删除','操作日志',NULL,'广告主行业低价：删除(批量) 11',NULL),(861,'1717','admin','2015-01-06 18:58:36','127.0.0.1','登入','操作日志',NULL,'登入模块',NULL),(862,'1717','admin','2015-01-06 19:03:13','127.0.0.1','审批','操作日志',15,'广告位管理模块',NULL),(863,'1717','admin','2015-01-06 19:03:20','127.0.0.1','审批','操作日志',17,'广告位管理模块',NULL),(864,'1717','admin','2015-01-06 19:04:17','0:0:0:0:0:0:0:1','登入','操作日志',NULL,'登入模块',NULL),(865,'1717','admin','2015-01-06 19:04:55','0:0:0:0:0:0:0:1','增加','操作日志',NULL,'广告主行业低价管理模块-新增信息',NULL),(866,'1717','admin','2015-01-06 19:05:07','0:0:0:0:0:0:0:1','修改','操作日志',12,'行业低价规则审核 ',NULL),(867,'1717','admin','2015-01-06 19:08:26','0:0:0:0:0:0:0:1','登入','操作日志',NULL,'登入模块',NULL),(868,'1717','admin','2015-01-06 19:08:36','0:0:0:0:0:0:0:1','删除','操作日志',NULL,'广告主行业低价：删除(批量) 12',NULL),(869,'1717','admin','2015-01-06 19:10:35','0:0:0:0:0:0:0:1','登入','操作日志',NULL,'登入模块',NULL),(870,'1717','admin','2015-01-06 19:11:38','0:0:0:0:0:0:0:1','增加','操作日志',NULL,'广告主行业低价管理模块-新增信息',NULL),(871,'1717','admin','2015-01-06 19:11:44','0:0:0:0:0:0:0:1','修改','操作日志',13,'行业低价规则审核 ',NULL),(872,'1717','admin','2015-01-06 19:12:19','0:0:0:0:0:0:0:1','增加','操作日志',13,'广告主行业低价管理模块-新增中间信息',NULL),(873,'1717','admin','2015-01-06 19:17:06','0:0:0:0:0:0:0:1','登入','操作日志',NULL,'登入模块',NULL),(874,'1717','admin','2015-01-06 19:24:34','127.0.0.1','增加','操作日志',6,'网站管理模块',NULL),(875,'1717','admin','2015-01-06 19:26:27','127.0.0.1','登入','操作日志',NULL,'登入模块',NULL),(876,'1717','admin','2015-01-06 19:34:35','0:0:0:0:0:0:0:1','登入','操作日志',NULL,'登入模块',NULL),(877,'1717','admin','2015-01-06 19:35:24','0:0:0:0:0:0:0:1','修改','操作日志',13,'广告主行业低价管理模块-修改信息',NULL),(878,'1717','admin','2015-01-06 19:38:37','0:0:0:0:0:0:0:1','修改','操作日志',13,'行业低价规则审核 ',NULL),(879,'1717','admin','2015-01-06 19:38:48','127.0.0.1','增加','操作日志',24,'广告位管理模块',NULL),(880,'1717','admin','2015-01-06 19:38:54','0:0:0:0:0:0:0:1','删除','操作日志',NULL,'广告主行业低价：删除(批量) 13',NULL),(881,'1717','admin','2015-01-06 19:39:27','127.0.0.1','删除','操作日志',6,'网站管理模块',NULL),(882,'1717','admin','2015-01-06 19:40:31','0:0:0:0:0:0:0:1','增加','操作日志',NULL,'广告主行业低价管理模块-新增信息',NULL),(883,'1717','admin','2015-01-06 19:40:34','0:0:0:0:0:0:0:1','删除','操作日志',NULL,'广告主行业低价：删除(批量) 14',NULL),(884,'1717','admin','2015-01-06 19:40:46','0:0:0:0:0:0:0:1','增加','操作日志',NULL,'广告主行业低价管理模块-新增信息',NULL),(885,'1717','admin','2015-01-06 19:40:52','0:0:0:0:0:0:0:1','修改','操作日志',15,'行业低价规则审核 ',NULL),(886,'1717','admin','2015-01-06 19:43:47','0:0:0:0:0:0:0:1','增加','操作日志',15,'广告主行业低价管理模块-新增中间信息',NULL),(887,'1717','admin','2015-01-06 19:45:03','0:0:0:0:0:0:0:1','登入','操作日志',NULL,'登入模块',NULL),(888,'1717','admin','2015-01-06 19:45:40','127.0.0.1','删除','操作日志',9,'媒体管理模块',NULL),(889,'1717','admin','2015-01-06 19:45:56','0:0:0:0:0:0:0:1','增加','操作日志',15,'广告主行业低价管理模块-新增中间信息',NULL),(890,'1717','admin','2015-01-06 19:47:42','127.0.0.1','删除','操作日志',7,'媒体管理模块',NULL),(891,'1717','admin','2015-01-06 19:48:54','0:0:0:0:0:0:0:1','登入','操作日志',NULL,'登入模块',NULL),(892,'1717','admin','2015-01-06 19:51:27','127.0.0.1','审批','操作日志',22,'广告位管理模块',NULL),(893,'1717','admin','2015-01-06 20:01:23','127.0.0.1','登入','操作日志',NULL,'登入模块',NULL),(894,'1717','admin','2015-01-06 20:04:03','0:0:0:0:0:0:0:1','登入','操作日志',NULL,'登入模块',NULL),(895,'1717','admin','2015-01-06 20:04:47','0:0:0:0:0:0:0:1','增加','操作日志',NULL,'广告主行业低价管理模块-新增信息',NULL),(896,'1717','admin','2015-01-06 20:05:05','0:0:0:0:0:0:0:1','修改','操作日志',7,'DSP管理模块-修改状态信息',NULL),(897,'1717','admin','2015-01-06 20:13:00','0:0:0:0:0:0:0:1','登入','操作日志',NULL,'登入模块',NULL),(898,'1717','admin','2015-01-06 20:13:28','0:0:0:0:0:0:0:1','增加','操作日志',NULL,'广告主行业管理模块-新增信息',NULL),(899,'1717','admin','2015-01-06 20:13:34','0:0:0:0:0:0:0:1','删除','操作日志',25,'广告主行业管理模块-删除信息',NULL),(900,'1717','admin','2015-01-06 20:13:36','0:0:0:0:0:0:0:1','删除','操作日志',24,'广告主行业管理模块-删除信息',NULL),(901,'1717','admin','2015-01-06 20:17:19','0:0:0:0:0:0:0:1','登入','操作日志',NULL,'登入模块',NULL),(902,'1717','admin','2015-01-06 20:17:56','0:0:0:0:0:0:0:1','删除','操作日志',NULL,'广告主行业低价：删除(批量) 16',NULL),(903,'1717','admin','2015-01-06 20:17:59','0:0:0:0:0:0:0:1','删除','操作日志',NULL,'广告主行业低价：删除(批量) 15',NULL),(904,'1717','admin','2015-01-06 20:18:14','0:0:0:0:0:0:0:1','增加','操作日志',NULL,'广告主行业管理模块-新增信息',NULL),(905,'1717','admin','2015-01-06 20:19:02','0:0:0:0:0:0:0:1','增加','操作日志',NULL,'广告主行业管理模块-新增信息',NULL),(906,'1717','admin','2015-01-06 20:20:04','0:0:0:0:0:0:0:1','修改','操作日志',27,'广告主行业管理模块-修改信息',NULL),(907,'1717','admin','2015-01-06 20:22:26','0:0:0:0:0:0:0:1','登入','操作日志',NULL,'登入模块',NULL),(908,'1717','admin','2015-01-06 20:22:32','0:0:0:0:0:0:0:1','登入','操作日志',NULL,'登入模块',NULL),(909,'1717','admin','2015-01-06 20:23:04','0:0:0:0:0:0:0:1','删除','操作日志',27,'广告主行业管理模块-删除信息',NULL),(910,'1717','admin','2015-01-06 20:23:54','0:0:0:0:0:0:0:1','登入','操作日志',NULL,'登入模块',NULL),(911,'1717','admin','2015-01-06 20:24:07','0:0:0:0:0:0:0:1','修改','操作日志',26,'广告主行业管理模块-修改信息',NULL),(912,'1717','admin','2015-01-06 20:24:10','0:0:0:0:0:0:0:1','删除','操作日志',26,'广告主行业管理模块-删除信息',NULL),(913,'1717','admin','2015-01-06 20:25:36','0:0:0:0:0:0:0:1','登入','操作日志',NULL,'登入模块',NULL),(914,'1717','admin','2015-01-06 20:26:23','0:0:0:0:0:0:0:1','登入','操作日志',NULL,'登入模块',NULL),(915,'1717','admin','2015-01-06 20:26:38','0:0:0:0:0:0:0:1','增加','操作日志',NULL,'广告主行业管理模块-新增信息',NULL),(916,'1717','admin','2015-01-06 20:26:41','0:0:0:0:0:0:0:1','删除','操作日志',28,'广告主行业管理模块-删除信息',NULL),(917,'1717','admin','2015-01-06 20:27:25','0:0:0:0:0:0:0:1','增加','操作日志',NULL,'广告主行业管理模块-新增信息',NULL),(918,'1717','admin','2015-01-06 20:27:30','0:0:0:0:0:0:0:1','修改','操作日志',29,'广告主行业管理模块-修改信息',NULL),(919,'1717','admin','2015-01-06 20:27:33','0:0:0:0:0:0:0:1','删除','操作日志',29,'广告主行业管理模块-删除信息',NULL),(920,'1717','admin','2015-01-07 09:54:06','0:0:0:0:0:0:0:1','登入','操作日志',NULL,'登入模块',NULL),(921,'1717','admin','2015-01-07 10:00:17','127.0.0.1','登入','操作日志',NULL,'登入模块',NULL),(922,'1717','admin','2015-01-07 11:06:03','0:0:0:0:0:0:0:1','登入','操作日志',NULL,'登入模块',NULL),(923,'1717','admin','2015-01-07 11:19:13','127.0.0.1','登入','操作日志',NULL,'登入模块',NULL),(924,'1717','admin','2015-01-07 12:22:49','127.0.0.1','登入','操作日志',NULL,'登入模块',NULL),(925,'1717','admin','2015-01-07 12:59:03','127.0.0.1','登入','操作日志',NULL,'登入模块',NULL),(926,'1717','admin','2015-01-07 13:02:06','127.0.0.1','登入','操作日志',NULL,'登入模块',NULL),(927,'1717','admin','2015-01-07 13:08:14','127.0.0.1','登入','操作日志',NULL,'登入模块',NULL),(928,'1717','admin','2015-01-07 14:17:14','0:0:0:0:0:0:0:1','登入','操作日志',NULL,'登入模块',NULL),(929,'1717','admin','2015-01-07 14:48:45','0:0:0:0:0:0:0:1','增加','操作日志',3,'广告主管理模块-修改信息',NULL),(930,'1717','admin','2015-01-07 14:48:54','0:0:0:0:0:0:0:1','增加','操作日志',3,'广告主管理模块-修改信息',NULL),(931,'1717','admin','2015-01-07 14:52:00','0:0:0:0:0:0:0:1','增加','操作日志',NULL,'广告主行业低价管理模块-新增信息',NULL),(932,'1717','admin','2015-01-07 14:59:03','127.0.0.1','登入','操作日志',NULL,'登入模块',NULL),(933,'1717','admin','2015-01-07 15:08:00','127.0.0.1','增加','操作日志',56,'deal管理模块',NULL),(934,'1717','admin','2015-01-07 15:09:38','127.0.0.1','增加','操作日志',57,'deal管理模块',NULL),(935,'1717','admin','2015-01-07 15:10:34','127.0.0.1','增加','操作日志',58,'deal管理模块',NULL),(936,'1717','admin','2015-01-07 15:13:49','127.0.0.1','增加','操作日志',59,'deal管理模块',NULL),(937,'1717','admin','2015-01-07 15:24:12','0:0:0:0:0:0:0:1%0','登入','操作日志',NULL,'登入模块',NULL),(938,'1717','admin','2015-01-07 15:28:05','127.0.0.1','审批','操作日志',58,'deal管理模块',NULL),(939,'1717','admin','2015-01-07 15:28:20','127.0.0.1','修改','操作日志',58,'deal管理模块',NULL),(940,'1717','admin','2015-01-07 15:48:09','0:0:0:0:0:0:0:1%0','登入','操作日志',NULL,'登入模块',NULL),(941,'1717','admin','2015-01-07 15:56:06','0:0:0:0:0:0:0:1','登入','操作日志',NULL,'登入模块',NULL),(942,'1717','admin','2015-01-07 15:57:43','0:0:0:0:0:0:0:1','登入','操作日志',NULL,'登入模块',NULL),(943,'1717','admin','2015-01-07 15:58:00','0:0:0:0:0:0:0:1','登入','操作日志',NULL,'登入模块',NULL),(944,'1717','admin','2015-01-07 15:59:33','0:0:0:0:0:0:0:1','登入','操作日志',NULL,'登入模块',NULL),(945,'1717','admin','2015-01-07 16:08:03','0:0:0:0:0:0:0:1','登入','操作日志',NULL,'登入模块',NULL),(946,'1717','admin','2015-01-07 16:31:41','0:0:0:0:0:0:0:1','登入','操作日志',NULL,'登入模块',NULL),(947,'1717','admin','2015-01-07 16:34:40','127.0.0.1','登入','操作日志',NULL,'登入模块',NULL),(948,'1717','admin','2015-01-07 16:40:20','0:0:0:0:0:0:0:1','登入','操作日志',NULL,'登入模块',NULL),(949,'1717','admin','2015-01-07 16:42:20','0:0:0:0:0:0:0:1','登入','操作日志',NULL,'登入模块',NULL),(950,'1717','admin','2015-01-07 16:45:55','127.0.0.1','增加','操作日志',9,'流量管理',NULL),(951,'1717','admin','2015-01-07 17:05:27','0:0:0:0:0:0:0:1','登入','操作日志',NULL,'登入模块',NULL),(952,'1717','admin','2015-01-07 17:10:50','0:0:0:0:0:0:0:1','登入','操作日志',NULL,'登入模块',NULL),(953,'1717','admin','2015-01-07 17:18:30','0:0:0:0:0:0:0:1','登入','操作日志',NULL,'登入模块',NULL),(954,'1717','admin','2015-01-07 17:25:04','0:0:0:0:0:0:0:1','登入','操作日志',NULL,'登入模块',NULL),(955,'1717','admin','2015-01-07 17:45:12','127.0.0.1','登入','操作日志',NULL,'登入模块',NULL),(956,'1717','admin','2015-01-07 17:49:06','127.0.0.1','登入','操作日志',NULL,'登入模块',NULL),(957,'1717','admin','2015-01-07 17:51:16','0:0:0:0:0:0:0:1','登入','操作日志',NULL,'登入模块',NULL),(958,'1717','admin','2015-01-07 17:53:52','0:0:0:0:0:0:0:1','修改','操作日志',17,'行业低价规则审核 ',NULL),(959,'1717','admin','2015-01-07 17:54:05','0:0:0:0:0:0:0:1','增加','操作日志',17,'广告主行业低价管理模块-新增中间信息',NULL),(960,'1717','admin','2015-01-07 17:55:57','0:0:0:0:0:0:0:1','修改','操作日志',17,'行业低价规则审核 ',NULL),(961,'1717','admin','2015-01-07 17:59:19','127.0.0.1','登入','操作日志',NULL,'登入模块',NULL),(962,'1717','admin','2015-01-07 17:59:33','127.0.0.1','增加','操作日志',10,'流量管理',NULL),(963,'1717','admin','2015-01-07 17:59:33','127.0.0.1','修改','操作日志',10,'流量管理',NULL),(964,'1717','admin','2015-01-07 18:00:01','0:0:0:0:0:0:0:1','登入','操作日志',NULL,'登入模块',NULL),(965,'1717','admin','2015-01-07 18:01:04','127.0.0.1','增加','操作日志',11,'流量管理',NULL),(966,'1717','admin','2015-01-07 18:01:04','127.0.0.1','修改','操作日志',11,'流量管理',NULL),(967,'1717','admin','2015-01-07 18:01:04','127.0.0.1','修改','操作日志',11,'流量管理',NULL),(968,'1717','admin','2015-01-07 18:01:04','127.0.0.1','修改','操作日志',11,'流量管理',NULL),(969,'1717','admin','2015-01-07 18:01:20','127.0.0.1','增加','操作日志',12,'流量管理',NULL),(970,'1717','admin','2015-01-07 18:01:20','127.0.0.1','修改','操作日志',12,'流量管理',NULL),(971,'1717','admin','2015-01-07 18:02:14','0:0:0:0:0:0:0:1','删除','操作日志',NULL,'广告主行业低价：删除(批量) 17',NULL),(972,'1717','admin','2015-01-07 18:02:22','0:0:0:0:0:0:0:1','增加','操作日志',NULL,'广告主行业低价管理模块-新增信息',NULL),(973,'1717','admin','2015-01-07 18:02:34','0:0:0:0:0:0:0:1','修改','操作日志',18,'行业低价规则审核 ',NULL),(974,'1717','admin','2015-01-07 18:02:49','0:0:0:0:0:0:0:1','增加','操作日志',18,'广告主行业低价管理模块-新增中间信息',NULL),(975,'1717','admin','2015-01-07 18:03:05','0:0:0:0:0:0:0:1','修改','操作日志',18,'行业低价规则审核 ',NULL),(976,'1717','admin','2015-01-07 18:03:29','0:0:0:0:0:0:0:1','增加','操作日志',18,'广告主行业低价管理模块-新增中间信息',NULL),(977,'1717','admin','2015-01-07 18:04:52','0:0:0:0:0:0:0:1','登入','操作日志',NULL,'登入模块',NULL),(978,'1717','admin','2015-01-07 18:05:03','0:0:0:0:0:0:0:1','修改','操作日志',18,'行业低价规则审核 ',NULL),(979,'1717','admin','2015-01-07 18:07:44','0:0:0:0:0:0:0:1','增加','操作日志',NULL,'广告主行业低价管理模块-新增信息',NULL),(980,'1717','admin','2015-01-07 18:08:13','0:0:0:0:0:0:0:1','修改','操作日志',19,'行业低价规则审核 ',NULL),(981,'1717','admin','2015-01-07 18:17:34','127.0.0.1','增加','操作日志',13,'流量管理',NULL),(982,'1717','admin','2015-01-07 18:17:34','127.0.0.1','修改','操作日志',13,'流量管理',NULL),(983,'1717','admin','2015-01-07 18:21:29','127.0.0.1','增加','操作日志',14,'流量管理',NULL),(984,'1717','admin','2015-01-07 18:23:20','127.0.0.1','增加','操作日志',15,'流量管理',NULL),(985,'1717','admin','2015-01-07 18:23:20','127.0.0.1','修改','操作日志',15,'流量管理',NULL),(986,'1717','admin','2015-01-07 18:25:09','127.0.0.1','增加','操作日志',16,'流量管理',NULL),(987,'1717','admin','2015-01-07 18:25:09','127.0.0.1','修改','操作日志',16,'流量管理',NULL),(988,'1717','admin','2015-01-07 18:25:49','0:0:0:0:0:0:0:1','登入','操作日志',NULL,'登入模块',NULL),(989,'1717','admin','2015-01-07 18:26:44','127.0.0.1','登入','操作日志',NULL,'登入模块',NULL),(990,'1717','admin','2015-01-07 18:28:33','127.0.0.1','增加','操作日志',17,'流量管理',NULL),(991,'1717','admin','2015-01-07 18:29:16','0:0:0:0:0:0:0:1','修改','操作日志',19,'行业低价规则审核 ',NULL),(992,'1717','admin','2015-01-07 18:31:33','0:0:0:0:0:0:0:1','删除','操作日志',10,'广告主行业管理模块-删除信息',NULL),(993,'1717','admin','2015-01-07 18:32:28','127.0.0.1','登入','操作日志',NULL,'登入模块',NULL),(994,'1717','admin','2015-01-07 18:32:55','127.0.0.1','增加','操作日志',NULL,'流量管理',NULL),(995,'1717','admin','2015-01-07 18:32:58','127.0.0.1','增加','操作日志',NULL,'流量管理',NULL),(996,'1717','admin','2015-01-07 18:32:53','0:0:0:0:0:0:0:1','增加','操作日志',3,'广告主管理模块-修改信息',NULL),(997,'1717','admin','2015-01-07 18:37:30','127.0.0.1','修改','操作日志',19,'流量管理',NULL),(998,'1717','admin','2015-01-07 18:39:19','127.0.0.1','增加','操作日志',60,'deal管理模块',NULL),(999,'1717','admin','2015-01-07 18:39:56','127.0.0.1','登入','操作日志',NULL,'登入模块',NULL),(1000,'1717','admin','2015-01-07 18:43:12','0:0:0:0:0:0:0:1','登入','操作日志',NULL,'登入模块',NULL),(1001,'1717','admin','2015-01-07 18:44:39','0:0:0:0:0:0:0:1','登入','操作日志',NULL,'登入模块',NULL),(1002,'1717','admin','2015-01-07 18:45:05','127.0.0.1','登入','操作日志',NULL,'登入模块',NULL),(1003,'1717','admin','2015-01-07 18:46:14','0:0:0:0:0:0:0:1','登入','操作日志',NULL,'登入模块',NULL),(1004,'1717','admin','2015-01-07 18:46:43','0:0:0:0:0:0:0:1','登入','操作日志',NULL,'登入模块',NULL),(1005,'1717','admin','2015-01-07 18:47:40','127.0.0.1','登入','操作日志',NULL,'登入模块',NULL),(1006,'1717','admin','2015-01-07 18:48:12','127.0.0.1','修改','权限日志',75,'功能权限',NULL),(1007,'1717','admin','2015-01-07 18:50:41','127.0.0.1','增加','权限日志',137,'功能权限',NULL),(1008,'1717','admin','2015-01-07 18:50:46','127.0.0.1','修改','权限日志',75,'功能权限',NULL),(1009,'1717','admin','2015-01-07 18:50:51','127.0.0.1','删除','权限日志',137,'功能权限',NULL),(1010,'1717','admin','2015-01-07 18:50:56','127.0.0.1','修改','权限日志',75,'功能权限',NULL),(1011,'1717','admin','2015-01-07 18:51:05','127.0.0.1','修改','权限日志',75,'功能权限',NULL),(1012,'1717','admin','2015-01-07 18:51:42','127.0.0.1','修改','权限日志',43,'功能权限',NULL),(1013,'1717','admin','2015-01-07 18:55:30','0:0:0:0:0:0:0:1','登入','操作日志',NULL,'登入模块',NULL),(1014,'1717','admin','2015-01-07 19:07:18','0:0:0:0:0:0:0:1','登入','操作日志',NULL,'登入模块',NULL),(1015,'1717','admin','2015-01-07 19:16:45','0:0:0:0:0:0:0:1','登入','操作日志',NULL,'登入模块',NULL),(1016,'1717','admin','2015-01-07 19:29:43','127.0.0.1','修改','权限日志',81,'功能权限',NULL),(1017,'1717','admin','2015-01-07 19:31:52','127.0.0.1','修改','权限日志',120,'功能权限',NULL),(1018,'1717','admin','2015-01-07 19:32:37','127.0.0.1','修改','权限日志',81,'功能权限',NULL),(1019,'1717','admin','2015-01-07 19:34:52','127.0.0.1','修改','权限日志',126,'功能权限',NULL),(1020,'1717','admin','2015-01-07 19:35:35','127.0.0.1','修改','权限日志',126,'功能权限',NULL),(1021,'1717','admin','2015-01-07 19:36:28','127.0.0.1','修改','权限日志',126,'功能权限',NULL),(1022,'1717','admin','2015-01-07 19:36:36','127.0.0.1','修改','权限日志',126,'功能权限',NULL),(1023,'1717','admin','2015-01-07 19:37:31','127.0.0.1','修改','权限日志',126,'功能权限',NULL),(1024,'1717','admin','2015-01-07 19:41:37','0:0:0:0:0:0:0:1','登入','操作日志',NULL,'登入模块',NULL),(1025,'1717','admin','2015-01-07 19:42:54','0:0:0:0:0:0:0:1','增加','操作日志',8,'DSP管理模块-新增信息',NULL),(1026,'1717','admin','2015-01-07 19:42:54','0:0:0:0:0:0:0:1','增加','操作日志',15,'DSP管理模块-管理机构用户新增信息',NULL),(1027,'1717','admin','2015-01-07 19:50:36','0:0:0:0:0:0:0:1','登入','操作日志',NULL,'登入模块',NULL),(1028,'1717','admin','2015-01-07 19:58:12','0:0:0:0:0:0:0:1','删除','操作日志',7,'DSP管理模块-删除信息',NULL),(1029,'1717','admin','2015-01-07 19:58:12','0:0:0:0:0:0:0:1','修改','操作日志',7,'DSP管理模块-删除管理机构用户信息',NULL),(1030,'1717','admin','2015-01-07 20:00:52','0:0:0:0:0:0:0:1','登入','操作日志',NULL,'登入模块',NULL),(1031,'1717','admin','2015-01-07 20:02:49','0:0:0:0:0:0:0:1','登入','操作日志',NULL,'登入模块',NULL),(1032,'1717','admin','2015-01-07 20:02:59','0:0:0:0:0:0:0:1','修改','操作日志',8,'DSP管理模块-修改信息',NULL),(1033,'1717','admin','2015-01-07 20:02:59','0:0:0:0:0:0:0:1','增加','操作日志',16,'DSP管理模块-管理机构用户新增信息',NULL),(1034,'1717','admin','2015-01-07 22:16:45','127.0.0.1','登入','操作日志',NULL,'登入模块',NULL),(1035,'1717','admin','2015-01-08 09:15:46','0:0:0:0:0:0:0:1','登入','操作日志',NULL,'登入模块',NULL),(1036,'1717','admin','2015-01-08 09:22:11','0:0:0:0:0:0:0:1','登入','操作日志',NULL,'登入模块',NULL),(1037,'1717','admin','2015-01-08 09:22:20','0:0:0:0:0:0:0:1','增加','操作日志',3,'广告主管理模块-修改信息',NULL),(1038,'1717','admin','2015-01-08 09:22:30','0:0:0:0:0:0:0:1','增加','操作日志',2,'广告主管理模块-修改信息',NULL),(1039,'1717','admin','2015-01-08 09:22:48','0:0:0:0:0:0:0:1','增加','操作日志',2,'广告主管理模块-修改信息',NULL),(1040,'1717','admin','2015-01-08 09:23:35','0:0:0:0:0:0:0:1','增加','操作日志',3,'广告主管理模块-修改信息',NULL),(1041,'1717','admin','2015-01-08 09:23:40','0:0:0:0:0:0:0:1','增加','操作日志',2,'广告主管理模块-修改信息',NULL),(1042,'1717','admin','2015-01-08 09:26:34','0:0:0:0:0:0:0:1','增加','操作日志',3,'广告主管理模块-修改信息',NULL),(1043,'1717','admin','2015-01-08 09:27:31','127.0.0.1','登入','操作日志',NULL,'登入模块',NULL),(1044,'1717','admin','2015-01-08 10:04:49','0:0:0:0:0:0:0:1','登入','操作日志',NULL,'登入模块',NULL),(1045,'1717','admin','2015-01-08 10:05:52','127.0.0.1','增加','操作日志',NULL,'流量管理',NULL),(1046,'1717','admin','2015-01-08 10:05:52','127.0.0.1','增加','操作日志',NULL,'流量管理',NULL),(1047,'1717','admin','2015-01-08 10:14:05','127.0.0.1','增加','操作日志',NULL,'流量管理',NULL),(1048,'1717','admin','2015-01-08 10:14:21','127.0.0.1','增加','操作日志',NULL,'流量管理',NULL),(1049,'1717','admin','2015-01-08 10:16:03','127.0.0.1','增加','操作日志',NULL,'流量管理',NULL),(1050,'1717','admin','2015-01-08 10:17:31','127.0.0.1','登入','操作日志',NULL,'登入模块',NULL),(1051,'1717','admin','2015-01-08 10:22:20','127.0.0.1','登入','操作日志',NULL,'登入模块',NULL),(1052,'1717','admin','2015-01-08 10:31:32','0:0:0:0:0:0:0:1','登入','操作日志',NULL,'登入模块',NULL),(1053,'1717','admin','2015-01-08 10:51:41','127.0.0.1','登入','操作日志',NULL,'登入模块',NULL),(1054,'1717','admin','2015-01-08 11:53:05','0:0:0:0:0:0:0:1','登入','操作日志',NULL,'登入模块',NULL),(1055,'1717','admin','2015-01-08 11:53:28','0:0:0:0:0:0:0:1','登入','操作日志',NULL,'登入模块',NULL),(1056,'1717','admin','2015-01-08 12:04:51','0:0:0:0:0:0:0:1','登入','操作日志',NULL,'登入模块',NULL),(1057,'1717','admin','2015-01-08 12:05:08','0:0:0:0:0:0:0:1','登入','操作日志',NULL,'登入模块',NULL),(1058,'1717','admin','2015-01-08 12:05:50','0:0:0:0:0:0:0:1','登入','操作日志',NULL,'登入模块',NULL),(1059,'1717','admin','2015-01-08 12:10:03','0:0:0:0:0:0:0:1','登入','操作日志',NULL,'登入模块',NULL),(1060,'1717','admin','2015-01-08 12:11:03','0:0:0:0:0:0:0:1','登入','操作日志',NULL,'登入模块',NULL),(1061,'1717','admin','2015-01-08 12:11:17','127.0.0.1','登入','操作日志',NULL,'登入模块',NULL),(1062,'1717','admin','2015-01-08 12:21:44','0:0:0:0:0:0:0:1%0','登入','操作日志',NULL,'登入模块',NULL),(1063,'1717','admin','2015-01-08 12:26:16','0:0:0:0:0:0:0:1','登入','操作日志',NULL,'登入模块',NULL),(1064,'1717','admin','2015-01-08 12:44:44','0:0:0:0:0:0:0:1','登入','操作日志',NULL,'登入模块',NULL),(1065,'1717','admin','2015-01-08 12:50:22','127.0.0.1','登入','操作日志',NULL,'登入模块',NULL),(1066,'1717','admin','2015-01-08 12:55:19','0:0:0:0:0:0:0:1','登入','操作日志',NULL,'登入模块',NULL),(1067,'1717','admin','2015-01-08 12:58:52','0:0:0:0:0:0:0:1','登入','操作日志',NULL,'登入模块',NULL),(1068,'1717','admin','2015-01-08 13:00:32','0:0:0:0:0:0:0:1','增加','操作日志',47,'新增物料',NULL),(1069,'1717','admin','2015-01-08 13:00:32','0:0:0:0:0:0:0:1','增加','操作日志',47,'物料关联广告位',NULL),(1070,'1717','admin','2015-01-08 13:00:41','0:0:0:0:0:0:0:1','增加','操作日志',47,'设置物料的广告位',NULL),(1071,'1717','admin','2015-01-08 13:00:52','0:0:0:0:0:0:0:1','增加','操作日志',47,'设置物料的广告位',NULL),(1072,'1717','admin','2015-01-08 13:02:07','0:0:0:0:0:0:0:1','登入','操作日志',NULL,'登入模块',NULL),(1073,'1717','admin','2015-01-08 13:04:07','0:0:0:0:0:0:0:1','登入','操作日志',NULL,'登入模块',NULL),(1074,'1717','admin','2015-01-08 13:07:18','0:0:0:0:0:0:0:1','登入','操作日志',NULL,'登入模块',NULL),(1075,'1717','admin','2015-01-08 13:11:14','0:0:0:0:0:0:0:1','登入','操作日志',NULL,'登入模块',NULL),(1076,'1717','admin','2015-01-08 13:20:06','127.0.0.1','登入','操作日志',NULL,'登入模块',NULL),(1077,'1717','admin','2015-01-08 13:23:37','127.0.0.1','登入','操作日志',NULL,'登入模块',NULL),(1078,'1717','admin','2015-01-08 13:33:28','127.0.0.1','登入','操作日志',NULL,'登入模块',NULL),(1079,'1717','admin','2015-01-08 13:53:25','0:0:0:0:0:0:0:1','登入','操作日志',NULL,'登入模块',NULL),(1080,'1717','admin','2015-01-08 14:01:01','127.0.0.1','登入','操作日志',NULL,'登入模块',NULL),(1081,'1717','admin','2015-01-08 14:29:26','127.0.0.1','登入','操作日志',NULL,'登入模块',NULL),(1082,'1717','admin','2015-01-08 14:43:16','127.0.0.1','登入','操作日志',NULL,'登入模块',NULL),(1083,'1717','admin','2015-01-08 14:46:35','0:0:0:0:0:0:0:1','登入','操作日志',NULL,'登入模块',NULL),(1084,'1717','admin','2015-01-08 14:47:22','127.0.0.1','登入','操作日志',NULL,'登入模块',NULL),(1085,'1717','admin','2015-01-08 14:50:12','127.0.0.1','登入','操作日志',NULL,'登入模块',NULL),(1086,'1717','admin','2015-01-08 14:52:01','127.0.0.1','登入','操作日志',NULL,'登入模块',NULL),(1087,'1717','admin','2015-01-08 14:54:33','127.0.0.1','登入','操作日志',NULL,'登入模块',NULL),(1088,'1717','admin','2015-01-08 15:04:35','0:0:0:0:0:0:0:1','登入','操作日志',NULL,'登入模块',NULL),(1089,'1717','admin','2015-01-08 15:08:00','0:0:0:0:0:0:0:1','登入','操作日志',NULL,'登入模块',NULL),(1090,'1717','admin','2015-01-08 15:14:11','0:0:0:0:0:0:0:1','登入','操作日志',NULL,'登入模块',NULL),(1091,'1717','admin','2015-01-08 15:18:02','0:0:0:0:0:0:0:1','增加','操作日志',48,'新增物料',NULL),(1092,'1717','admin','2015-01-08 15:18:02','0:0:0:0:0:0:0:1','增加','操作日志',48,'物料关联广告位',NULL),(1093,'1717','admin','2015-01-08 15:20:09','0:0:0:0:0:0:0:1','登入','操作日志',NULL,'登入模块',NULL),(1094,'1717','admin','2015-01-08 15:22:25','127.0.0.1','增加','操作日志',NULL,'广告主行业管理模块-新增信息',NULL),(1095,'1717','admin','2015-01-08 15:31:58','0:0:0:0:0:0:0:1','登入','操作日志',NULL,'登入模块',NULL),(1096,'1717','admin','2015-01-08 15:32:25','0:0:0:0:0:0:0:1','登入','操作日志',NULL,'登入模块',NULL),(1097,'1717','admin','2015-01-08 15:32:54','0:0:0:0:0:0:0:1','修改','操作日志',48,'修改物料',NULL),(1098,'1717','admin','2015-01-08 15:32:54','0:0:0:0:0:0:0:1','增加','操作日志',48,'物料关联广告位',NULL),(1099,'1717','admin','2015-01-08 15:33:08','0:0:0:0:0:0:0:1','修改','操作日志',48,'修改物料',NULL),(1100,'1717','admin','2015-01-08 15:33:08','0:0:0:0:0:0:0:1','增加','操作日志',48,'物料关联广告位',NULL),(1101,'1717','admin','2015-01-08 15:35:05','0:0:0:0:0:0:0:1','增加','操作日志',48,'设置物料的广告位',NULL),(1102,'1717','admin','2015-01-08 15:35:14','0:0:0:0:0:0:0:1','增加','操作日志',48,'设置物料的广告位',NULL),(1103,'1717','admin','2015-01-08 15:35:26','0:0:0:0:0:0:0:1','增加','操作日志',48,'设置物料的广告位',NULL),(1104,'1717','admin','2015-01-08 15:42:23','0:0:0:0:0:0:0:1','登入','操作日志',NULL,'登入模块',NULL),(1105,'1717','admin','2015-01-08 15:44:16','0:0:0:0:0:0:0:1','登入','操作日志',NULL,'登入模块',NULL),(1106,'1717','admin','2015-01-08 15:44:30','0:0:0:0:0:0:0:1','增加','操作日志',48,'设置物料的广告位',NULL),(1107,'1717','admin','2015-01-08 15:45:48','0:0:0:0:0:0:0:1','增加','操作日志',47,'设置物料的广告位',NULL),(1108,'1717','admin','2015-01-08 16:10:46','127.0.0.1','登入','操作日志',NULL,'登入模块',NULL),(1109,'1717','admin','2015-01-08 16:15:24','0:0:0:0:0:0:0:1','登入','操作日志',NULL,'登入模块',NULL),(1110,'1717','admin','2015-01-08 16:17:02','0:0:0:0:0:0:0:1','登入','操作日志',NULL,'登入模块',NULL),(1111,'1717','admin','2015-01-08 16:18:57','0:0:0:0:0:0:0:1','登入','操作日志',NULL,'登入模块',NULL),(1112,'1717','admin','2015-01-08 16:21:07','0:0:0:0:0:0:0:1','登入','操作日志',NULL,'登入模块',NULL),(1113,'1717','admin','2015-01-08 16:21:17','0:0:0:0:0:0:0:1','增加','操作日志',3,'广告主管理模块-修改信息',NULL),(1114,'1717','admin','2015-01-08 16:23:08','0:0:0:0:0:0:0:1','登入','操作日志',NULL,'登入模块',NULL),(1115,'1717','admin','2015-01-08 16:28:23','0:0:0:0:0:0:0:1','登入','操作日志',NULL,'登入模块',NULL),(1116,'1717','admin','2015-01-08 16:51:47','127.0.0.1','登入','操作日志',NULL,'登入模块',NULL),(1117,'1717','admin','2015-01-08 17:05:31','0:0:0:0:0:0:0:1','登入','操作日志',NULL,'登入模块',NULL),(1118,'1717','admin','2015-01-08 17:05:53','0:0:0:0:0:0:0:1','增加','操作日志',NULL,'广告主行业管理模块-新增信息',NULL),(1119,'1717','admin','2015-01-08 17:05:58','0:0:0:0:0:0:0:1','删除','操作日志',31,'广告主行业管理模块-删除信息',NULL),(1120,'1717','admin','2015-01-08 17:18:15','0:0:0:0:0:0:0:1','登入','操作日志',NULL,'登入模块',NULL),(1121,'1717','admin','2015-01-08 17:22:39','0:0:0:0:0:0:0:1','登入','操作日志',NULL,'登入模块',NULL),(1122,'1717','admin','2015-01-08 17:24:04','0:0:0:0:0:0:0:1','登入','操作日志',NULL,'登入模块',NULL),(1123,'1717','admin','2015-01-08 17:41:23','0:0:0:0:0:0:0:1','登入','操作日志',NULL,'登入模块',NULL),(1124,'1717','admin','2015-01-08 17:42:42','0:0:0:0:0:0:0:1','登入','操作日志',NULL,'登入模块',NULL),(1125,'1717','admin','2015-01-08 18:01:11','0:0:0:0:0:0:0:1','登入','操作日志',NULL,'登入模块',NULL),(1126,'1717','admin','2015-01-08 18:06:12','0:0:0:0:0:0:0:1','登入','操作日志',NULL,'登入模块',NULL),(1127,'1717','admin','2015-01-08 18:15:15','0:0:0:0:0:0:0:1','登入','操作日志',NULL,'登入模块',NULL),(1128,'1717','admin','2015-01-09 09:24:41','0:0:0:0:0:0:0:1','登入','操作日志',NULL,'登入模块',NULL),(1129,'1717','admin','2015-01-09 09:25:43','0:0:0:0:0:0:0:1','登入','操作日志',NULL,'登入模块',NULL),(1130,'1717','admin','2015-01-09 09:26:00','0:0:0:0:0:0:0:1','删除','操作日志',NULL,'广告主行业低价：删除(批量) 19',NULL),(1131,'1717','admin','2015-01-09 09:26:06','0:0:0:0:0:0:0:1','增加','操作日志',NULL,'广告主行业低价管理模块-新增信息',NULL),(1132,'1717','admin','2015-01-09 09:26:12','0:0:0:0:0:0:0:1','修改','操作日志',20,'行业低价规则审核 ',NULL),(1133,'1717','admin','2015-01-09 09:26:29','0:0:0:0:0:0:0:1','登入','操作日志',NULL,'登入模块',NULL),(1134,'1717','admin','2015-01-09 09:26:35','0:0:0:0:0:0:0:1','增加','操作日志',NULL,'广告主行业低价管理模块-新增信息',NULL),(1135,'1717','admin','2015-01-09 09:26:43','0:0:0:0:0:0:0:1','修改','操作日志',21,'行业低价规则审核 ',NULL),(1136,'1717','admin','2015-01-09 09:26:56','0:0:0:0:0:0:0:1','增加','操作日志',21,'广告主行业低价管理模块-新增中间信息',NULL),(1137,'1717','admin','2015-01-09 09:28:46','127.0.0.1','登入','操作日志',NULL,'登入模块',NULL),(1138,'1717','admin','2015-01-09 09:28:49','0:0:0:0:0:0:0:1','修改','操作日志',21,'行业低价规则审核 ',NULL),(1139,'1717','admin','2015-01-09 09:29:26','0:0:0:0:0:0:0:1','修改','操作日志',20,'广告主行业低价管理模块-修改信息',NULL),(1140,'1717','admin','2015-01-09 09:29:34','0:0:0:0:0:0:0:1','修改','操作日志',20,'行业低价规则审核 ',NULL),(1141,'1717','admin','2015-01-09 09:48:13','127.0.0.1','登入','操作日志',NULL,'登入模块',NULL),(1142,'1717','admin','2015-01-09 09:52:22','0:0:0:0:0:0:0:1','登入','操作日志',NULL,'登入模块',NULL),(1143,'1717','admin','2015-01-09 10:00:02','0:0:0:0:0:0:0:1','登入','操作日志',NULL,'登入模块',NULL),(1144,'1717','admin','2015-01-09 10:02:41','0:0:0:0:0:0:0:1','登入','操作日志',NULL,'登入模块',NULL),(1145,'1717','admin','2015-01-09 10:16:00','127.0.0.1','登入','操作日志',NULL,'登入模块',NULL),(1146,'1717','admin','2015-01-09 10:17:50','0:0:0:0:0:0:0:1','增加','操作日志',NULL,'流量管理',NULL),(1147,'1717','admin','2015-01-09 10:17:50','0:0:0:0:0:0:0:1','增加','操作日志',NULL,'流量管理',NULL),(1148,'1717','admin','2015-01-09 10:18:20','0:0:0:0:0:0:0:1','删除','操作日志',26,'流量管理',NULL),(1149,'1717','admin','2015-01-09 10:18:27','0:0:0:0:0:0:0:1','删除','操作日志',26,'流量管理',NULL),(1150,'1717','admin','2015-01-09 10:18:30','0:0:0:0:0:0:0:1','删除','操作日志',25,'流量管理',NULL),(1151,'1717','admin','2015-01-09 10:25:04','0:0:0:0:0:0:0:1','登入','操作日志',NULL,'登入模块',NULL),(1152,'1717','admin','2015-01-09 10:30:14','0:0:0:0:0:0:0:1','登入','操作日志',NULL,'登入模块',NULL),(1153,'1717','admin','2015-01-09 10:33:42','0:0:0:0:0:0:0:1','登入','操作日志',NULL,'登入模块',NULL),(1154,'1717','admin','2015-01-09 10:35:20','0:0:0:0:0:0:0:1','登入','操作日志',NULL,'登入模块',NULL),(1155,'1717','admin','2015-01-09 10:37:09','0:0:0:0:0:0:0:1','登入','操作日志',NULL,'登入模块',NULL),(1156,'1717','admin','2015-01-09 10:37:54','0:0:0:0:0:0:0:1','登入','操作日志',NULL,'登入模块',NULL),(1157,'1717','admin','2015-01-09 10:40:15','0:0:0:0:0:0:0:1','登入','操作日志',NULL,'登入模块',NULL),(1158,'1717','admin','2015-01-09 10:56:05','0:0:0:0:0:0:0:1','登入','操作日志',NULL,'登入模块',NULL),(1159,'1717','admin','2015-01-09 10:57:58','0:0:0:0:0:0:0:1','登入','操作日志',NULL,'登入模块',NULL),(1160,'1717','admin','2015-01-09 11:11:18','127.0.0.1','登入','操作日志',NULL,'登入模块',NULL),(1161,'1717','admin','2015-01-09 11:23:25','0:0:0:0:0:0:0:1','登入','操作日志',NULL,'登入模块',NULL),(1162,'1717','admin','2015-01-09 11:32:08','127.0.0.1','登入','操作日志',NULL,'登入模块',NULL),(1163,'1717','admin','2015-01-09 11:52:59','0:0:0:0:0:0:0:1','增加','操作日志',NULL,'广告主行业低价管理模块-新增信息',NULL),(1164,'1717','admin','2015-01-09 11:56:07','0:0:0:0:0:0:0:1','登入','操作日志',NULL,'登入模块',NULL),(1165,'1717','admin','2015-01-09 12:28:56','127.0.0.1','登入','操作日志',NULL,'登入模块',NULL),(1166,'1717','admin','2015-01-09 12:35:22','127.0.0.1','登入','操作日志',NULL,'登入模块',NULL),(1167,'1717','admin','2015-01-09 12:44:54','127.0.0.1','登入','操作日志',NULL,'登入模块',NULL),(1168,'1717','admin','2015-01-09 14:16:41','127.0.0.1','登入','操作日志',NULL,'登入模块',NULL),(1169,'1717','admin','2015-01-09 14:18:51','127.0.0.1','登入','操作日志',NULL,'登入模块',NULL),(1170,'1717','admin','2015-01-09 14:39:38','127.0.0.1','登入','操作日志',NULL,'登入模块',NULL),(1171,'1717','admin','2015-01-09 14:47:17','0:0:0:0:0:0:0:1','登入','操作日志',NULL,'登入模块',NULL),(1172,'1717','admin','2015-01-09 14:52:48','0:0:0:0:0:0:0:1','登入','操作日志',NULL,'登入模块',NULL),(1173,'1717','admin','2015-01-09 14:53:08','0:0:0:0:0:0:0:1','修改','操作日志',48,'修改物料',NULL),(1174,'1717','admin','2015-01-09 14:53:08','0:0:0:0:0:0:0:1','增加','操作日志',48,'物料关联广告位',NULL),(1175,'1717','admin','2015-01-09 14:53:18','0:0:0:0:0:0:0:1','增加','操作日志',47,'设置物料的广告位',NULL),(1176,'1717','admin','2015-01-09 14:54:41','0:0:0:0:0:0:0:1','登入','操作日志',NULL,'登入模块',NULL),(1177,'1717','admin','2015-01-09 14:54:53','0:0:0:0:0:0:0:1','修改','操作日志',48,'修改物料',NULL),(1178,'1717','admin','2015-01-09 14:54:53','0:0:0:0:0:0:0:1','增加','操作日志',48,'物料关联广告位',NULL),(1179,'1717','admin','2015-01-09 14:55:08','0:0:0:0:0:0:0:1','增加','操作日志',47,'设置物料的广告位',NULL),(1180,'1717','admin','2015-01-09 14:55:12','0:0:0:0:0:0:0:1','增加','操作日志',47,'设置物料的广告位',NULL),(1181,'1717','admin','2015-01-09 14:55:15','0:0:0:0:0:0:0:1','增加','操作日志',47,'设置物料的广告位',NULL),(1182,'1717','admin','2015-01-09 14:55:21','0:0:0:0:0:0:0:1','增加','操作日志',48,'设置物料的广告位',NULL),(1183,'1717','admin','2015-01-09 14:55:30','127.0.0.1','登入','操作日志',NULL,'登入模块',NULL),(1184,'1717','admin','2015-01-09 14:55:28','0:0:0:0:0:0:0:1','增加','操作日志',48,'设置物料的广告位',NULL),(1185,'1717','admin','2015-01-09 14:55:32','0:0:0:0:0:0:0:1','增加','操作日志',48,'设置物料的广告位',NULL),(1186,'1717','admin','2015-01-10 10:27:59','0:0:0:0:0:0:0:1%0','登入','操作日志',NULL,'登入模块',NULL),(1187,'1717','admin','2015-01-10 10:46:22','127.0.0.1','登入','操作日志',NULL,'登入模块',NULL),(1188,'1717','admin','2015-01-10 12:02:13','0:0:0:0:0:0:0:1%0','登入','操作日志',NULL,'登入模块',NULL),(1189,'1717','admin','2015-01-10 23:26:13','10.10.0.161','登入','操作日志',NULL,'登入模块',NULL),(1190,'1717','admin','2015-01-10 23:28:42','10.10.0.161','登入','操作日志',NULL,'登入模块',NULL),(1191,'1717','admin','2015-01-11 11:39:15','10.10.0.161','登入','操作日志',NULL,'登入模块',NULL),(1192,'1717','admin','2015-01-11 11:41:16','10.10.0.161','登入','操作日志',NULL,'登入模块',NULL),(1193,'1717','admin','2015-01-11 11:51:08','10.10.0.161','登入','操作日志',NULL,'登入模块',NULL),(1194,'1717','admin','2015-01-11 16:54:24','0:0:0:0:0:0:0:1%0','登入','操作日志',NULL,'登入模块',NULL),(1195,'1717','admin','2015-01-11 16:54:24','0:0:0:0:0:0:0:1%0','登入','操作日志',NULL,'登入模块',NULL),(1196,'1717','admin','2015-01-11 17:01:05','0:0:0:0:0:0:0:1%0','登入','操作日志',NULL,'登入模块',NULL),(1197,'1717','admin','2015-01-11 17:07:00','0:0:0:0:0:0:0:1%0','登入','操作日志',NULL,'登入模块',NULL),(1198,'1717','admin','2015-01-11 17:08:13','0:0:0:0:0:0:0:1%0','登入','操作日志',NULL,'登入模块',NULL),(1199,'1717','admin','2015-01-11 20:15:03','0:0:0:0:0:0:0:1%0','登入','操作日志',NULL,'登入模块',NULL),(1200,'1717','admin','2015-01-11 20:17:52','0:0:0:0:0:0:0:1%0','登入','操作日志',NULL,'登入模块',NULL),(1201,'1717','admin','2015-01-11 20:29:27','0:0:0:0:0:0:0:1%0','登入','操作日志',NULL,'登入模块',NULL),(1202,'1717','admin','2015-01-11 21:12:16','0:0:0:0:0:0:0:1%0','登入','操作日志',NULL,'登入模块',NULL),(1203,'1717','admin','2015-01-11 21:15:41','0:0:0:0:0:0:0:1%0','登入','操作日志',NULL,'登入模块',NULL),(1204,'1717','admin','2015-01-11 21:17:40','0:0:0:0:0:0:0:1%0','登入','操作日志',NULL,'登入模块',NULL),(1205,'1717','admin','2015-01-11 21:23:48','0:0:0:0:0:0:0:1%0','登入','操作日志',NULL,'登入模块',NULL),(1206,'1717','admin','2015-01-11 21:36:15','0:0:0:0:0:0:0:1%0','登入','操作日志',NULL,'登入模块',NULL),(1207,'1717','admin','2015-01-11 21:37:10','0:0:0:0:0:0:0:1%0','登入','操作日志',NULL,'登入模块',NULL),(1208,'1717','admin','2015-01-11 21:55:05','0:0:0:0:0:0:0:1%0','登入','操作日志',NULL,'登入模块',NULL),(1209,'1717','admin','2015-01-11 22:00:06','0:0:0:0:0:0:0:1%0','登入','操作日志',NULL,'登入模块',NULL),(1210,'1717','admin','2015-01-11 22:00:50','0:0:0:0:0:0:0:1%0','登入','操作日志',NULL,'登入模块',NULL),(1211,'1717','admin','2015-01-11 22:04:31','127.0.0.1','登入','操作日志',NULL,'登入模块',NULL),(1212,'1717','admin','2015-01-11 22:05:43','127.0.0.1','删除','权限日志',255,'菜单管理模块',NULL),(1213,'1717','admin','2015-01-11 22:10:52','0:0:0:0:0:0:0:1%0','登入','操作日志',NULL,'登入模块',NULL),(1214,'1717','admin','2015-01-11 22:07:53','127.0.0.1','删除','权限日志',256,'菜单管理模块',NULL),(1215,'1717','admin','2015-01-11 22:09:14','127.0.0.1','删除','权限日志',257,'菜单管理模块',NULL),(1216,'1717','admin','2015-01-11 22:10:22','127.0.0.1','删除','权限日志',257,'菜单管理模块',NULL),(1217,'1717','admin','2015-01-11 22:10:32','127.0.0.1','删除','权限日志',256,'菜单管理模块',NULL),(1218,'1717','admin','2015-01-11 22:45:14','0:0:0:0:0:0:0:1%0','登入','操作日志',NULL,'登入模块',NULL),(1219,'1717','admin','2015-01-11 23:00:30','0:0:0:0:0:0:0:1%0','登入','操作日志',NULL,'登入模块',NULL),(1220,'1717','admin','2015-01-11 23:10:57','0:0:0:0:0:0:0:1%0','登入','操作日志',NULL,'登入模块',NULL),(1221,'1717','admin','2015-01-11 23:12:16','0:0:0:0:0:0:0:1%0','登入','操作日志',NULL,'登入模块',NULL),(1222,'1717','admin','2015-01-11 23:20:21','0:0:0:0:0:0:0:1%0','登入','操作日志',NULL,'登入模块',NULL),(1223,'1717','admin','2015-01-11 23:22:52','0:0:0:0:0:0:0:1%0','登入','操作日志',NULL,'登入模块',NULL),(1224,'1717','admin','2015-01-11 23:23:45','0:0:0:0:0:0:0:1%0','登入','操作日志',NULL,'登入模块',NULL),(1225,'1717','admin','2015-01-11 23:32:11','0:0:0:0:0:0:0:1%0','登入','操作日志',NULL,'登入模块',NULL),(1226,'1717','admin','2015-01-11 23:32:54','0:0:0:0:0:0:0:1%0','登入','操作日志',NULL,'登入模块',NULL),(1227,'1717','admin','2015-01-11 23:40:33','0:0:0:0:0:0:0:1%0','登入','操作日志',NULL,'登入模块',NULL),(1228,'1717','admin','2015-01-12 00:14:38','0:0:0:0:0:0:0:1%0','登入','操作日志',NULL,'登入模块',NULL),(1229,'1717','admin','2015-01-12 09:33:49','0:0:0:0:0:0:0:1%0','登入','操作日志',NULL,'登入模块',NULL),(1230,'1717','admin','2015-01-12 09:35:18','127.0.0.1','登入','操作日志',NULL,'登入模块',NULL),(1231,'1717','admin','2015-01-12 09:42:55','0:0:0:0:0:0:0:1%0','修改','权限日志',210,'菜单管理模块',NULL),(1232,'1717','admin','2015-01-12 09:48:39','127.0.0.1','登入','操作日志',NULL,'登入模块',NULL),(1233,'1717','admin','2015-01-12 09:51:48','127.0.0.1','登入','操作日志',NULL,'登入模块',NULL),(1234,'1717','admin','2015-01-12 09:54:38','10.155.9.58','登入','操作日志',NULL,'登入模块',NULL),(1235,'1717','admin','2015-01-12 10:03:48','0:0:0:0:0:0:0:1%0','登入','操作日志',NULL,'登入模块',NULL),(1236,'1717','admin','2015-01-12 10:27:40','127.0.0.1','登入','操作日志',NULL,'登入模块',NULL),(1237,'1717','admin','2015-01-12 10:30:50','10.155.9.37','登入','操作日志',NULL,'登入模块',NULL),(1238,'1717','admin','2015-01-12 10:32:15','127.0.0.1','登入','操作日志',NULL,'登入模块',NULL),(1239,'1717','admin','2015-01-12 10:49:18','127.0.0.1','登入','操作日志',NULL,'登入模块',NULL),(1240,'1717','admin','2015-01-12 10:56:24','127.0.0.1','登入','操作日志',NULL,'登入模块',NULL),(1241,'1717','admin','2015-01-12 11:00:25','127.0.0.1','登入','操作日志',NULL,'登入模块',NULL),(1242,'1717','admin','2015-01-12 11:02:27','127.0.0.1','登入','操作日志',NULL,'登入模块',NULL),(1243,'1717','admin','2015-01-12 11:13:12','127.0.0.1','登入','操作日志',NULL,'登入模块',NULL),(1244,'1717','admin','2015-01-12 11:16:35','0:0:0:0:0:0:0:1','登入','操作日志',NULL,'登入模块',NULL),(1245,'1717','admin','2015-01-12 11:17:14','0:0:0:0:0:0:0:1','修改','权限日志',98,'功能权限',NULL),(1246,'1717','admin','2015-01-12 11:20:40','127.0.0.1','登入','操作日志',NULL,'登入模块',NULL),(1247,'1717','admin','2015-01-12 11:22:02','0:0:0:0:0:0:0:1','登入','操作日志',NULL,'登入模块',NULL),(1248,'1717','admin','2015-01-12 11:36:32','0:0:0:0:0:0:0:1','登入','操作日志',NULL,'登入模块',NULL),(1249,'1717','admin','2015-01-12 12:08:24','10.155.9.58','登入','操作日志',NULL,'登入模块',NULL),(1250,'1717','admin','2015-01-12 12:14:59','10.155.9.58','登入','操作日志',NULL,'登入模块',NULL),(1251,'1717','admin','2015-01-12 12:29:58','127.0.0.1','登入','操作日志',NULL,'登入模块',NULL),(1252,'1717','admin','2015-01-12 13:34:37','10.155.9.58','登入','操作日志',NULL,'登入模块',NULL),(1253,'1717','admin','2015-01-12 13:38:13','0:0:0:0:0:0:0:1%0','登入','操作日志',NULL,'登入模块',NULL),(1254,'1717','admin','2015-01-12 13:50:22','0:0:0:0:0:0:0:1','登入','操作日志',NULL,'登入模块',NULL),(1255,'1717','admin','2015-01-12 13:59:46','0:0:0:0:0:0:0:1%0','登入','操作日志',NULL,'登入模块',NULL),(1256,'1717','admin','2015-01-12 14:12:44','0:0:0:0:0:0:0:1%0','登入','操作日志',NULL,'登入模块',NULL),(1257,'1717','admin','2015-01-12 14:24:11','0:0:0:0:0:0:0:1%0','登入','操作日志',NULL,'登入模块',NULL),(1258,'1717','admin','2015-01-12 14:28:38','127.0.0.1','登入','操作日志',NULL,'登入模块',NULL),(1259,'1717','admin','2015-01-12 15:11:23','0:0:0:0:0:0:0:1','登入','操作日志',NULL,'登入模块',NULL),(1260,'1717','admin','2015-01-12 15:15:54','0:0:0:0:0:0:0:1%0','登入','操作日志',NULL,'登入模块',NULL),(1261,'1717','admin','2015-01-12 15:19:50','0:0:0:0:0:0:0:1%0','登入','操作日志',NULL,'登入模块',NULL),(1262,'1717','admin','2015-01-12 15:20:46','127.0.0.1','登入','操作日志',NULL,'登入模块',NULL),(1263,'1717','admin','2015-01-12 15:25:55','0:0:0:0:0:0:0:1%0','登入','操作日志',NULL,'登入模块',NULL),(1264,'1717','admin','2015-01-12 15:29:30','127.0.0.1','登入','操作日志',NULL,'登入模块',NULL),(1265,'1717','admin','2015-01-12 15:34:03','0:0:0:0:0:0:0:1','登入','操作日志',NULL,'登入模块',NULL),(1266,'1717','admin','2015-01-12 15:36:29','127.0.0.1','登入','操作日志',NULL,'登入模块',NULL),(1267,'1717','admin','2015-01-12 15:39:39','127.0.0.1','登入','操作日志',NULL,'登入模块',NULL),(1268,'1717','admin','2015-01-12 15:56:44','127.0.0.1','登入','操作日志',NULL,'登入模块',NULL),(1269,'1717','admin','2015-01-12 16:02:51','127.0.0.1','登入','操作日志',NULL,'登入模块',NULL),(1270,'1717','admin','2015-01-12 16:06:35','127.0.0.1','登入','操作日志',NULL,'登入模块',NULL),(1271,'1717','admin','2015-01-12 16:09:08','127.0.0.1','登入','操作日志',NULL,'登入模块',NULL),(1272,'1717','admin','2015-01-12 16:09:44','127.0.0.1','增加','操作日志',13,'流量分配管理',NULL),(1273,'1717','admin','2015-01-12 16:12:56','127.0.0.1','增加','操作日志',14,'流量分配管理',NULL),(1274,'1717','admin','2015-01-12 16:17:18','127.0.0.1','增加','操作日志',15,'流量分配管理',NULL),(1275,'1717','admin','2015-01-12 16:26:21','127.0.0.1','登入','操作日志',NULL,'登入模块',NULL),(1276,'1717','admin','2015-01-12 16:27:28','127.0.0.1','登入','操作日志',NULL,'登入模块',NULL),(1277,'1717','admin','2015-01-12 16:41:44','127.0.0.1','登入','操作日志',NULL,'登入模块',NULL),(1278,'1717','admin','2015-01-12 16:45:25','127.0.0.1','登入','操作日志',NULL,'登入模块',NULL),(1279,'1717','admin','2015-01-12 16:55:18','127.0.0.1','登入','操作日志',NULL,'登入模块',NULL),(1280,'1717','admin','2015-01-12 17:03:29','127.0.0.1','登入','操作日志',NULL,'登入模块',NULL),(1281,'1717','admin','2015-01-12 17:16:25','0:0:0:0:0:0:0:1','登入','操作日志',NULL,'登入模块',NULL),(1282,'1717','admin','2015-01-12 17:24:41','0:0:0:0:0:0:0:1','登入','操作日志',NULL,'登入模块',NULL),(1283,'1717','admin','2015-01-12 17:26:26','0:0:0:0:0:0:0:1','登入','操作日志',NULL,'登入模块',NULL),(1284,'1717','admin','2015-01-12 17:27:27','0:0:0:0:0:0:0:1','登入','操作日志',NULL,'登入模块',NULL),(1285,'1717','admin','2015-01-17 12:44:28','0:0:0:0:0:0:0:1%0','登入','操作日志',NULL,'登入模块',NULL),(1286,'1717','admin','2015-01-17 12:53:27','0:0:0:0:0:0:0:1%0','登入','操作日志',NULL,'登入模块',NULL),(1287,'1717','admin','2015-01-17 12:57:07','0:0:0:0:0:0:0:1%0','登入','操作日志',NULL,'登入模块',NULL),(1288,'1717','admin','2015-01-17 13:05:02','0:0:0:0:0:0:0:1%0','登入','操作日志',NULL,'登入模块',NULL);
/*!40000 ALTER TABLE `log` ENABLE KEYS */;
UNLOCK TABLES;

--
-- Table structure for table `menu`
--

DROP TABLE IF EXISTS `menu`;
/*!40101 SET @saved_cs_client     = @@character_set_client */;
/*!40101 SET character_set_client = utf8 */;
CREATE TABLE `menu` (
  `id` int(10) NOT NULL AUTO_INCREMENT,
  `menuName` varchar(45) DEFAULT NULL,
  `parantMenuID` int(10) DEFAULT NULL,
  `icon` varchar(100) DEFAULT NULL,
  `openIcon` varchar(100) DEFAULT NULL,
  `actionPath` varchar(300) DEFAULT NULL,
  `menuOrder` int(10) DEFAULT NULL,
  `isValiDate` int(11) DEFAULT NULL,
  `description` varchar(45) DEFAULT NULL,
  `jsClassFile` varchar(500) DEFAULT NULL,
  `type` varchar(45) DEFAULT NULL,
  `namespace` varchar(100) DEFAULT NULL,
  `mainClass` varchar(100) DEFAULT NULL,
  PRIMARY KEY (`id`)
) ENGINE=InnoDB AUTO_INCREMENT=256 DEFAULT CHARSET=utf8 ROW_FORMAT=COMPACT COMMENT='菜单资源';
/*!40101 SET character_set_client = @saved_cs_client */;

--
-- Dumping data for table `menu`
--

LOCK TABLES `menu` WRITE;
/*!40000 ALTER TABLE `menu` DISABLE KEYS */;
INSERT INTO `menu` VALUES (203,'媒体管理',0,'web.png','web.png',NULL,100,0,'网站平台管理',NULL,'firstMenu',NULL,NULL),(207,'网站管理',203,'webmanage.png','webmanage.png',NULL,102,0,'','ssp.website.WebSitePanel','jsClassFile',NULL,NULL),(210,'广告位管理',203,'advmanage.png','advmanage.png',NULL,103,0,'','ssp.media.PositionPanel','jsClassFile',NULL,NULL),(214,'流量控制管理',0,'controlll.png','controlll.png',NULL,600,0,'',NULL,'firstMenu',NULL,NULL),(215,'流量控制管理',214,'llsetting.png','llsetting.png',NULL,601,0,'','ssp.flowcontrol.FlowControlPanel','jsClassFile',NULL,NULL),(219,'广告请求分流管理',0,'exchange.png','exchange.png',NULL,700,0,'',NULL,'firstMenu',NULL,NULL),(220,'流量分配管理',219,'lldistribute.png','lldistribute.png','',701,0,'','ssp.exchange.FlowAssignmentPanel','jsClassFile',NULL,NULL),(221,'系统管理',0,'root.png','root.png','',1000,0,'','','firstMenu',NULL,NULL),(222,'用户管理',221,'yhmanage.png','yhmanage.png','',1002,0,'','ssp.basic.UserPanel','jsClassFile',NULL,NULL),(223,'菜单管理',221,'menumanage.png','menumanage.png','',1003,0,'','ssp.basic.MenuPanel','jsClassFile',NULL,NULL),(224,'角色管理',221,'rolemanage.png','rolemanage.png','',1004,0,'','ssp.basic.RolePanel','jsClassFile',NULL,NULL),(225,'剩余流量控制',214,'llcontrol.png','llcontrol.png','http://pas.atm.youku.com:8080/login.jsp',602,0,'','','actionPath',NULL,NULL),(226,'广告位审批',203,'advmanage.png','advmanage.png',NULL,108,0,'','ssp.media.PositionStatePanel','jsClassFile',NULL,NULL),(229,'报表管理',0,'llcontrol.png','llcontrol.png','',900,0,'','','firstMenu',NULL,NULL),(230,'报表查询',229,'webmmange.png','webmmange.png','',901,0,'','ssp.website.ReportPanel','jsClassFile',NULL,NULL),(231,'任务管理',221,'webmmange.png','webmmange.png','',1001,0,'','ssp.basic.TaskPanel','jsClassFile',NULL,NULL),(235,'DSP管理',0,'chamanage.png','chamanage.png',NULL,300,0,'',NULL,'firstMenu',NULL,NULL),(236,'广告主管理',0,'channel.png','channel.png',NULL,400,0,'',NULL,'firstMenu',NULL,NULL),(237,'物料管理',0,'bpleft.png','bpleft.png',NULL,500,0,'',NULL,'firstMenu',NULL,NULL),(238,'财务管理',0,'flowdistribute.png','flowdistribute.png',NULL,800,0,'',NULL,'firstMenu',NULL,NULL),(239,'Deal管理',0,'flowset.png','flowset.png',NULL,950,0,'',NULL,'firstMenu',NULL,NULL),(240,'Deal管理',239,'channmange.png','channmange.png',NULL,951,0,'','ssp.deal.DealPanel','jsClassFile',NULL,NULL),(241,'Deal报表',239,'channreport.png','channreport.png',NULL,952,0,'','333','jsClassFile',NULL,NULL),(242,'帐款金额管理',238,'lldistribute.png','lldistribute.png',NULL,801,0,'','ssp.account.AccountPanel','jsClassFile',NULL,NULL),(243,'默认物料',237,'menu-item.png','menu-item.png',NULL,501,0,'','ssp.materiel.MaterielPanel','jsClassFile',NULL,NULL),(244,'物料审批',237,'llcontrol.png','llcontrol.png',NULL,502,0,'','ssp.materiel.DspMaterielPanel','jsClassFile',NULL,NULL),(245,'广告主管理',236,'favorite.png','favorite.png',NULL,402,0,'','ssp.advertiser.AdvertiserPanel','jsClassFile',NULL,NULL),(246,'广告主行业管理',236,'eject-blue-button.png','eject-blue-button.png',NULL,403,0,'','ssp.advertiser.IndustryPanel','jsClassFile',NULL,NULL),(247,'广告主行业低价',236,'menu-item.png','menu-item.png',NULL,404,0,'','ssp.advertiser.BottomPricePanel','jsClassFile',NULL,NULL),(248,'DSP管理',235,'webrreport.png','webrreport.png',NULL,301,0,'','ssp.dsp.DspPanel','jsClassFile',NULL,NULL),(250,'媒体管理',203,'channel.png','channel.png',NULL,104,0,'','ssp.media.MediaPanel','jsClassFile',NULL,NULL),(252,'行业低价审核',236,'button.png','button.png',NULL,405,0,'','ssp.advertiser.BottomPriceVerifyPanel','jsClassFile',NULL,NULL),(253,'日志查询',221,'document.png','document.png',NULL,1005,0,'','ssp.log.LogSearchPanel','jsClassFile',NULL,NULL),(254,'请求广告位',219,'chamanage.png','chamanage.png',NULL,701,0,'从CPM同步过的广告位数据','ssp.flowcontrol.RequestPositionPanel','jsClassFile',NULL,NULL),(255,'媒体报表',203,'llcontrol.png','llcontrol.png',NULL,105,0,'','ssp.media.MediaReportPanel','jsClassFile',NULL,NULL);
/*!40000 ALTER TABLE `menu` ENABLE KEYS */;
UNLOCK TABLES;

--
-- Table structure for table `role`
--

DROP TABLE IF EXISTS `role`;
/*!40101 SET @saved_cs_client     = @@character_set_client */;
/*!40101 SET character_set_client = utf8 */;
CREATE TABLE `role` (
  `id` int(10) unsigned NOT NULL AUTO_INCREMENT,
  `roleName` varchar(45) DEFAULT NULL,
  `describle` varchar(500) DEFAULT NULL,
  PRIMARY KEY (`id`)
) ENGINE=InnoDB AUTO_INCREMENT=31 DEFAULT CHARSET=utf8 ROW_FORMAT=COMPACT;
/*!40101 SET character_set_client = @saved_cs_client */;

--
-- Dumping data for table `role`
--

LOCK TABLES `role` WRITE;
/*!40000 ALTER TABLE `role` DISABLE KEYS */;
INSERT INTO `role` VALUES (20,'系统管理员','管理整个系统'),(30,'游客','游客');
/*!40000 ALTER TABLE `role` ENABLE KEYS */;
UNLOCK TABLES;

--
-- Table structure for table `role_function`
--

DROP TABLE IF EXISTS `role_function`;
/*!40101 SET @saved_cs_client     = @@character_set_client */;
/*!40101 SET character_set_client = utf8 */;
CREATE TABLE `role_function` (
  `id` int(10) unsigned NOT NULL AUTO_INCREMENT COMMENT '自增ID',
  `roleId` int(11) NOT NULL COMMENT '角色ID',
  `menuId` int(11) DEFAULT NULL COMMENT '对应的菜单ID',
  `funId` int(11) DEFAULT NULL COMMENT '权限ID，既按钮ID',
  `states` int(11) DEFAULT '1' COMMENT '0: 暂存状态 1:正式状态 2:暂删状态',
  PRIMARY KEY (`id`)
) ENGINE=InnoDB AUTO_INCREMENT=2085 DEFAULT CHARSET=utf8 COLLATE=utf8_bin ROW_FORMAT=COMPACT;
/*!40101 SET character_set_client = @saved_cs_client */;

--
-- Dumping data for table `role_function`
--

LOCK TABLES `role_function` WRITE;
/*!40000 ALTER TABLE `role_function` DISABLE KEYS */;
INSERT INTO `role_function` VALUES (1793,30,NULL,41,1),(1794,30,NULL,43,1),(1795,30,NULL,44,1),(1796,30,NULL,50,1),(1797,30,NULL,51,1),(1798,30,NULL,52,1),(1799,30,NULL,53,1),(1800,30,NULL,54,1),(1801,30,NULL,55,1),(1802,30,NULL,57,1),(1803,30,NULL,58,1),(1804,30,NULL,59,1),(1805,30,NULL,60,1),(1806,30,NULL,61,1),(1807,30,NULL,62,1),(1808,30,NULL,63,1),(1809,30,NULL,64,1),(1810,30,NULL,65,1),(1811,30,NULL,66,1),(1812,30,NULL,67,1),(1813,30,NULL,68,1),(1814,30,NULL,69,1),(1815,30,NULL,70,1),(1816,30,NULL,71,1),(1817,30,NULL,72,1),(1818,30,NULL,73,1),(1819,30,NULL,74,1),(1820,30,NULL,75,1),(1821,30,NULL,80,1),(1822,30,NULL,81,1),(1823,30,NULL,82,1),(1824,30,NULL,83,1),(1825,30,NULL,84,1),(1826,30,NULL,85,1),(1827,30,NULL,87,1),(1828,30,NULL,88,1),(1829,30,NULL,89,1),(1830,30,NULL,90,1),(1833,30,NULL,94,1),(1834,30,NULL,95,1),(1835,30,NULL,96,1),(1836,30,NULL,97,1),(1837,30,NULL,98,1),(1838,30,NULL,99,1),(1839,30,NULL,100,1),(1840,30,NULL,101,1),(1841,30,NULL,105,1),(1842,30,NULL,106,1),(1843,30,NULL,109,1),(1844,30,NULL,108,1),(1845,30,NULL,107,1),(1846,30,NULL,112,1),(1847,30,NULL,110,1),(1848,30,NULL,111,1),(1850,30,NULL,114,1),(1851,30,NULL,113,1),(1852,30,NULL,104,1),(1853,30,NULL,103,1),(1854,30,NULL,102,1),(2011,20,NULL,41,1),(2012,20,NULL,43,1),(2013,20,NULL,44,1),(2014,20,NULL,50,1),(2015,20,NULL,51,1),(2016,20,NULL,52,1),(2017,20,NULL,53,1),(2018,20,NULL,54,1),(2019,20,NULL,55,1),(2020,20,NULL,57,1),(2021,20,NULL,58,1),(2022,20,NULL,59,1),(2023,20,NULL,63,1),(2024,20,NULL,64,1),(2025,20,NULL,65,1),(2026,20,NULL,66,1),(2027,20,NULL,67,1),(2028,20,NULL,68,1),(2029,20,NULL,69,1),(2030,20,NULL,70,1),(2031,20,NULL,71,1),(2032,20,NULL,72,1),(2033,20,NULL,73,1),(2034,20,NULL,124,1),(2035,20,NULL,125,1),(2036,20,NULL,74,1),(2037,20,NULL,75,1),(2038,20,NULL,80,1),(2039,20,NULL,81,1),(2040,20,NULL,82,1),(2041,20,NULL,83,1),(2042,20,NULL,84,1),(2043,20,NULL,85,1),(2044,20,NULL,87,1),(2045,20,NULL,88,1),(2046,20,NULL,89,1),(2047,20,NULL,90,1),(2048,20,NULL,94,1),(2049,20,NULL,96,1),(2050,20,NULL,97,1),(2051,20,NULL,98,1),(2052,20,NULL,99,1),(2053,20,NULL,100,1),(2054,20,NULL,101,1),(2055,20,NULL,102,1),(2056,20,NULL,103,1),(2057,20,NULL,105,1),(2058,20,NULL,106,1),(2059,20,NULL,119,1),(2060,20,NULL,120,1),(2061,20,NULL,104,1),(2062,20,NULL,107,1),(2063,20,NULL,108,1),(2064,20,NULL,109,1),(2065,20,NULL,110,1),(2066,20,NULL,111,1),(2067,20,NULL,112,1),(2068,20,NULL,113,1),(2069,20,NULL,114,1),(2070,20,NULL,118,1),(2071,20,NULL,121,1),(2072,20,NULL,122,1),(2073,20,NULL,123,1),(2074,20,NULL,126,1),(2075,20,NULL,127,1),(2076,20,NULL,128,1),(2077,20,NULL,129,1),(2078,20,NULL,130,1),(2079,20,NULL,131,1),(2080,20,NULL,132,1),(2081,20,NULL,133,1),(2082,20,NULL,134,1),(2083,20,NULL,135,1),(2084,20,NULL,136,1);
/*!40000 ALTER TABLE `role_function` ENABLE KEYS */;
UNLOCK TABLES;

--
-- Table structure for table `ssp_roleresource`
--

DROP TABLE IF EXISTS `ssp_roleresource`;
/*!40101 SET @saved_cs_client     = @@character_set_client */;
/*!40101 SET character_set_client = utf8 */;
CREATE TABLE `ssp_roleresource` (
  `id` int(10) unsigned NOT NULL AUTO_INCREMENT,
  `roleId` int(10) unsigned NOT NULL,
  `menuId` int(10) unsigned NOT NULL,
  PRIMARY KEY (`id`)
) ENGINE=InnoDB AUTO_INCREMENT=2383 DEFAULT CHARSET=utf8 ROW_FORMAT=COMPACT;
/*!40101 SET character_set_client = @saved_cs_client */;

--
-- Dumping data for table `ssp_roleresource`
--

LOCK TABLES `ssp_roleresource` WRITE;
/*!40000 ALTER TABLE `ssp_roleresource` DISABLE KEYS */;
INSERT INTO `ssp_roleresource` VALUES (2287,30,207),(2288,30,210),(2289,30,226),(2290,30,221),(2291,30,231),(2292,30,222),(2293,30,223),(2294,30,224),(2295,30,253),(2354,20,250),(2355,20,226),(2356,20,235),(2357,20,248),(2358,20,236),(2359,20,245),(2360,20,246),(2361,20,247),(2362,20,252),(2363,20,237),(2364,20,243),(2365,20,244),(2366,20,215),(2367,20,219),(2368,20,220),(2369,20,254),(2370,20,238),(2371,20,242),(2372,20,229),(2373,20,230),(2374,20,239),(2375,20,240),(2376,20,241),(2377,20,221),(2378,20,231),(2379,20,222),(2380,20,223),(2381,20,224),(2382,20,253);
/*!40000 ALTER TABLE `ssp_roleresource` ENABLE KEYS */;
UNLOCK TABLES;

--
-- Table structure for table `task`
--

DROP TABLE IF EXISTS `task`;
/*!40101 SET @saved_cs_client     = @@character_set_client */;
/*!40101 SET character_set_client = utf8 */;
CREATE TABLE `task` (
  `id` int(10) unsigned NOT NULL AUTO_INCREMENT,
  `name` varchar(45) DEFAULT NULL,
  `triggerName` varchar(45) DEFAULT NULL,
  `state` varchar(45) DEFAULT NULL,
  `lastResult` varchar(45) DEFAULT NULL,
  `lastRunDate` datetime DEFAULT NULL,
  `resultInfo` varchar(255) DEFAULT NULL,
  PRIMARY KEY (`id`)
) ENGINE=InnoDB AUTO_INCREMENT=19 DEFAULT CHARSET=utf8 ROW_FORMAT=COMPACT COMMENT='定时任务';
/*!40101 SET character_set_client = @saved_cs_client */;

--
-- Dumping data for table `task`
--

LOCK TABLES `task` WRITE;
/*!40000 ALTER TABLE `task` DISABLE KEYS */;
/*!40000 ALTER TABLE `task` ENABLE KEYS */;
UNLOCK TABLES;

--
-- Table structure for table `user`
--

DROP TABLE IF EXISTS `user`;
/*!40101 SET @saved_cs_client     = @@character_set_client */;
/*!40101 SET character_set_client = utf8 */;
CREATE TABLE `user` (
  `id` int(11) NOT NULL AUTO_INCREMENT COMMENT '用户ID',
  `group_id` int(11) DEFAULT NULL,
  `name` varchar(255) NOT NULL COMMENT '用户名称',
  `password` varchar(128) NOT NULL COMMENT '密码',
  `description` varchar(255) DEFAULT NULL COMMENT '备注',
  `insert_date` datetime DEFAULT NULL COMMENT '创建时间',
  `login_ip` varchar(15) DEFAULT NULL COMMENT '登入IP',
  `status` varchar(1) NOT NULL COMMENT '状态',
  `username` varchar(100) DEFAULT NULL,
  `usertype` varchar(100) DEFAULT NULL,
  `useremail` varchar(100) DEFAULT NULL,
  `userphone` varchar(100) DEFAULT NULL,
  `region` varchar(255) DEFAULT NULL,
  `level` varchar(100) DEFAULT NULL,
  `gender` varchar(255) DEFAULT NULL,
  `cellphone` varchar(100) DEFAULT NULL,
  `qq` varchar(255) DEFAULT NULL,
  `workstatus` varchar(255) DEFAULT NULL,
  `password_update_date` datetime DEFAULT NULL,
  `sex` varchar(45) DEFAULT NULL,
  PRIMARY KEY (`id`)
) ENGINE=InnoDB AUTO_INCREMENT=1728 DEFAULT CHARSET=utf8 ROW_FORMAT=COMPACT;
/*!40101 SET character_set_client = @saved_cs_client */;

--
-- Dumping data for table `user`
--

LOCK TABLES `user` WRITE;
/*!40000 ALTER TABLE `user` DISABLE KEYS */;
INSERT INTO `user` VALUES (1717,1,'admin','1','123123123',NULL,NULL,'0','admin',NULL,'admin@esa.com','12312312',NULL,NULL,NULL,NULL,NULL,NULL,NULL,'女'),(1727,NULL,'guest','1','123123123',NULL,NULL,'0','guest',NULL,'guest@esa.com','2312312312',NULL,NULL,NULL,NULL,NULL,NULL,NULL,'男');
/*!40000 ALTER TABLE `user` ENABLE KEYS */;
UNLOCK TABLES;

--
-- Table structure for table `user_role`
--

DROP TABLE IF EXISTS `user_role`;
/*!40101 SET @saved_cs_client     = @@character_set_client */;
/*!40101 SET character_set_client = utf8 */;
CREATE TABLE `user_role` (
  `id` int(10) unsigned NOT NULL AUTO_INCREMENT,
  `userId` int(10) unsigned NOT NULL,
  `roleId` int(10) unsigned NOT NULL,
  PRIMARY KEY (`id`)
) ENGINE=InnoDB AUTO_INCREMENT=698 DEFAULT CHARSET=utf8 ROW_FORMAT=COMPACT COMMENT='用户角色表';
/*!40101 SET character_set_client = @saved_cs_client */;

--
-- Dumping data for table `user_role`
--

LOCK TABLES `user_role` WRITE;
/*!40000 ALTER TABLE `user_role` DISABLE KEYS */;
INSERT INTO `user_role` VALUES (643,1721,20),(669,1719,20),(696,1717,20),(697,1727,30);
/*!40000 ALTER TABLE `user_role` ENABLE KEYS */;
UNLOCK TABLES;
/*!40103 SET TIME_ZONE=@OLD_TIME_ZONE */;

/*!40101 SET SQL_MODE=@OLD_SQL_MODE */;
/*!40014 SET FOREIGN_KEY_CHECKS=@OLD_FOREIGN_KEY_CHECKS */;
/*!40014 SET UNIQUE_CHECKS=@OLD_UNIQUE_CHECKS */;
/*!40101 SET CHARACTER_SET_CLIENT=@OLD_CHARACTER_SET_CLIENT */;
/*!40101 SET CHARACTER_SET_RESULTS=@OLD_CHARACTER_SET_RESULTS */;
/*!40101 SET COLLATION_CONNECTION=@OLD_COLLATION_CONNECTION */;
/*!40111 SET SQL_NOTES=@OLD_SQL_NOTES */;

-- Dump completed on 2015-01-17 13:06:36
